Subject ,Gender,Drug,Time,Globalscore,WDS,Tremors,Writhes,Retropulsion,Hind Leg Scratch,Yawn,Facial rubs,facetwitch,Archedbackposture,Ambulatorytime,Ambulatorycounts,Ambulatorydistance,Ambulatoryepisodes,ambulatoryspeeds,Stereotypictime,Stereotypiccounts,Restingtime
ALB70,Male,Vehicle,6,,,,,,,,,,,,,,,,,,
ALB72,Male,Vehicle,6,,,,,,,,,,,,,,,,,,
ALB73,Male,Vehicle,6,,,,,,,,,,,,,,,,,,
ALB74,Male,Vehicle,6,,,,,,,,,,,,,,,,,,
ALB109,Male,Vehicle,6,3,0,0,0,2,0,1,0,0,0,4.45,55,403.4,4,65.1,171,1856,1624.6
ALB110,Male,Vehicle,6,15,7,2,0,0,4,1,1,0,0,22.2,377,1323.8,37,62.5,257.4,3104,1520.5
ALB123,Male,Vehicle,6,8,1,5,0,0,1,0,1,0,0,29.5,684,1919.42,50,80.72,213,2607,1557.6
ALB124,Male,Vehicle,6,6,0,0,0,3,0,1,0,2,0,8.5,163,717.1,16,105.4,188.2,2157,1603.4
ALB134,Male,Vehicle,6,11,2,0,1,1,3,2,2,0,0,11.3,144,1169,9,63.7,258.5,2903,1530.2
ALB135,Male,Vehicle,6,15,4,4,0,0,0,3,3,1,0,17.7,231,1100,20,41.9,296.4,3251,1486
ALB139,Male,Vehicle,6,16,1,6,1,0,0,0,8,0,0,35.2,912,2698.9,55,89.5,254.3,3403,1510.6
ALB151,Male,Vehicle,6,11,11,0,0,0,0,0,0,0,0,36.45,610,2157.8,58,66.3,277.9,3516,1485.7
ALB70,Male,Vehicle,10,10,1,6,1,1,0,0,0,0,1,20.6,280,1483.1,28,57.7,302.9,3522,1476.6
ALB72,Male,Vehicle,10,21,10,5,0,1,4,0,1,0,0,8.25,135,668.5,13,60.1,255.8,3056,1536.1
ALB73,Male,Vehicle,10,7,2,4,0,0,1,0,0,0,0,33.5,698,2005.3,59,79.6,270.1,3598,1496.4
ALB74,Male,Vehicle,10,9,2,4,0,0,3,0,0,0,0,13.4,161,937.4,20,39.7,182.9,1987,1603.8
ALB109,Male,Vehicle,10,2.5,2,0.5,0,0,0,0,0,0,0,14.3,206,957.1,17,52.7,235.1,2595,1550.7
ALB110,Male,Vehicle,10,23,5.5,3.5,0,0,12.5,0,1.5,0,0,21.2,347,1228.7,34,51.6,277.6,3124,1501.3
ALB123,Male,Vehicle,10,9,2,4,0,1,1,1,0,0,0,16.7,387,1304.5,34,87,234.2,2771,1549.2
ALB124,Male,Vehicle,10,17,2,1,1,3,6,2,1,1,0,23,455,1297.4,35,61.9,189.5,2311,1587.6
ALB134,Male,Vehicle,10,,,,,,,,,,,,,,,,,,
ALB135,Male,Vehicle,10,,,,,,,,,,,,,,,,,,
ALB139,Male,Vehicle,10,,,,,,,,,,,,,,,,,,
ALB151,Male,Vehicle,10,6,3,3,0,0,0,0,0,0,0,13.35,225,798,20,54.1,161.5,1889,1625.2
ALB70,Male,Vehicle,24,14,5.5,0.5,0,0.5,6,1.5,0,0,0,17.5,244,937,29,53.7,231.6,2627,1551
ALB72,Male,Vehicle,24,21,7,0,0,1,12.5,0.5,0,0,0,6.9,111,492.8,13,47.9,182.7,2109,1610.4
ALB73,Male,Vehicle,24,14,3,0,0,0,10.5,0,0,0.5,0,24.45,309,1071.6,35,43,176.8,2123,1598.8
ALB74,Male,Vehicle,24,10.5,2,1.5,1,1,0.5,4.5,0,0,0,2.2,40,291.1,1,136.8,94.7,1038,1703.1
ALB109,Male,Vehicle,24,1,0,0,0,0.5,0.5,0,0,0,0,24.1,355,1325.2,43,72.6,257.9,2951,1518.1
ALB110,Male,Vehicle,24,8.5,3,0.5,0,0,5,0,0,0,0,9.4,146,556.2,11,41.5,159.3,1824,1631.4
ALB123,Male,Vehicle,24,14,2,7,0,1,0,2,1,1,0,30.9,677,1992.3,59,79.8,261.5,3205,1507.7
ALB124,Male,Vehicle,24,15,3,1,2,0,6,1,1,1,0,16.3,268,837.7,21,58.8,220.8,2537,1563
ALB134,Male,Vehicle,24,,,,,,,,,,,,,,,,,,
ALB135,Male,Vehicle,24,,,,,,,,,,,,,,,,,,
ALB139,Male,Vehicle,24,,,,,,,,,,,,,,,,,,
ALB151,Male,Vehicle,24,12,6,4,1,0,1,0,0,0,0,15.1,289,922.8,28,68.2,173.7,2191,1611.3
ALB70,Male,Vehicle,48,5,1,2,2,0,0,0,0,0,0,26.3,376,1401.3,40,47.3,203.8,2585,1569.9
ALB72,Male,Vehicle,48,23,6,1,1,1,14,0,0,0,0,8.2,139,679,20,74.2,219.8,2646,1572.1
ALB73,Male,Vehicle,48,28,11,0,0,0,14,1,2,0,0,20.6,310,1061.1,41,68.6,216.3,2708,1563.1
ALB74,Male,Vehicle,48,8,0,4,0,0,1,2,0,1,0,2.1,35,210.4,1,98.7,98.7,1045,1699.3
ALB109,Male,Vehicle,48,2.5,1,0,0,0,1.5,0,0,0,0,16,291,859.7,25,64.9,254.1,2934,1530
ALB110,Male,Vehicle,48,17.5,3,2,1.5,0,11,0,0,0,0,10.6,154,579.4,17,47.7,213.7,2371,1575.8
ALB123,Male,Vehicle,48,14,0,7,0,2,2,0,2,0,1,34,746,2121.6,61,78.1,208.4,2640,1557.7
ALB124,Male,Vehicle,48,15,3,0,3,0,2,6,1,0,0,14.2,287,766,24,64.4,139.1,1646,1646.8
ALB134,Male,Vehicle,48,,,,,,,,,,,,,,,,,,
ALB135,Male,Vehicle,48,,,,,,,,,,,,,,,,,,
ALB139,Male,Vehicle,48,,,,,,,,,,,,,,,,,,
ALB151,Male,Vehicle,48,11,3,2,1,0,5,0,0,0,0,14,246,780.5,25,67.3,221.2,2777,1565
ALB70,Male,Vehicle,72,6,1,3,2,0,0,0,0,0,0,9.7,115,648.2,13,48.8,171.9,1947,1618.4
ALB72,Male,Vehicle,72,11,3,0,0,1,7,0,0,0,0,8.05,100,550.1,14,40.4,191,2066,1601
ALB73,Male,Vehicle,72,15,1,0,0,0,14,0,0,0,0,26.3,450,1286.2,47,59.5,223.7,2980,1550.05
ALB74,Male,Vehicle,72,0,0,0,0,0,0,0,0,0,0,3.75,33,251.4,3,23.3,98.8,1060,1697.5
ALB109,Male,Vehicle,72,0,0,0,0,0,0,0,0,0,0,14.7,323,1006.4,27,87.8,224.3,2667,1561.1
ALB110,Male,Vehicle,72,20,7,0,0,2,10,1,0,0,0,17.4,247,776.2,24,55.4,159.7,1814,1622.9
ALB123,Male,Vehicle,72,7.5,1,2,0,0,1.5,1,0.5,0,1.5,35,673,1882.9,50,65.6,186.4,2486,1578.6
ALB124,Male,Vehicle,72,19,5.5,0,1,0.5,9,1.5,0,1,0.5,12.25,226,634.3,18,49.7,208.5,2391,1579.3
ALB134,Male,Vehicle,72,,,,,,,,,,,,,,,,,,
ALB135,Male,Vehicle,72,,,,,,,,,,,,,,,,,,
ALB139,Male,Vehicle,72,,,,,,,,,,,,,,,,,,
ALB151,Male,Vehicle,72,10,5,2,1,0,2,0,0,0,0,19.1,392,1345.7,36,88,248,3052,1529.1
ALB70,Male,Vehicle,96,6,0,3,3,0,0,0,0,0,0,28.4,380,1363.7,42,43.1,222,2621,1549.6
ALB72,Male,Vehicle,96,2,0,1,1,0,0,0,0,0,0,3.8,62,377,6,80.6,200.8,2244,1595.4
ALB73,Male,Vehicle,96,6,1,2,0,0,2,1,0,0,0,4.4,84,333.1,9,76.5,185.6,2124,1610.1
ALB74,Male,Vehicle,96,5,1,0,1,0,1,1,0,1,0,4.1,43,300.7,5,36.2,92,994,1703.8
ALB109,Male,Vehicle,96,5.5,1.5,0,0,2,0,0,0,1,1,15.9,317,942.6,25,63.6,248.7,2819,1535.5
ALB110,Male,Vehicle,96,26.5,6.5,0,2,0,17.5,0.5,0,0,0,12.3,144,497.4,18,42.1,195.1,2098,1592.7
ALB123,Male,Vehicle,96,14,1,7,0,0,2,3,1,0,0,24.5,549,1686.1,34,66.1,195.4,2628,1580.2
ALB124,Male,Vehicle,96,7,2,0,0,0,2,2,0,1,0,21.5,417,1113.1,30,62.8,193.3,2201,1585.3
ALB134,Male,Vehicle,96,,,,,,,,,,,,,,,,,,
ALB135,Male,Vehicle,96,,,,,,,,,,,,,,,,,,
ALB139,Male,Vehicle,96,,,,,,,,,,,,,,,,,,
ALB151,Male,Vehicle,96,3,1,0,0,0,2,0,0,0,0,19.1,387,1527.2,43,90,284.2,3514,1496.7
ALB69,Male,WIN,6,,,,,,,,,,,,,,,,,,
ALB71,Male,WIN,6,,,,,,,,,,,,,,,,,,
ALB77,Male,WIN,6,,,,,,,,,,,,,,,,,,
ALB78,Male,WIN,6,,,,,,,,,,,,,,,,,,
ALB111,Male,WIN,6,20,6,0,1,6,2,0,4,0,1,21.7,296,1362.6,31,60,251.4,2933,1527
ALB112,Male,WIN,6,12,2,4,0,1,1,0,4,0,0,17.8,292,1209.3,28,65.2,277.6,3275,1504.7
ALB121,Male,WIN,6,22,10,3,0,4,0,0,4,0,1,21.8,366,1589.7,36,69.2,263.1,3238,1515.2
ALB122,Male,WIN,6,31,4,5,0,8,2,0,7,2,3,49.7,878,2809.9,78,65.4,352.1,4646,1398.3
ALB136,Male,WIN,6,,,,,,,,,,,,,,,,,,
ALB137,Male,WIN,6,42,2,19,3,3,0,0,13,1,1,45.6,895,2712.5,77,67.2,311.8,4060,1442.7
ALB140,Male,WIN,6,36,12,8,0,2,7,0,6,1,0,20.5,289,1290.7,29,70.5,269.2,3426,1483.4
ALB141,Male,WIN,6,26,6,6,3,3,2,0,5,0,1,28.2,446,1749.2,37,61.7,318,3713,1543.9
ALB152,Male,WIN,6,23,11,2,1,3,3,1,2,0,0,32.9,551,1776.8,46,54.8,259.1,3241,1508
ALB69,Male,WIN,10,18,1,14,1,0,1,0,0,1,0,22.7,336,1479.4,36,59,310.4,3565,1466.35
ALB71,Male,WIN,10,18,2,13,0,3,0,0,0,0,0,3.9,61,468.2,3,100.6,189.5,2142,1606.6
ALB77,Male,WIN,10,17,2,9,0,0,2,0,1,0,3,4.9,108,653.2,10,132.3,182.1,2072,1613
ALB78,Male,WIN,10,19,3,3,1,2,7,2,0,0,1,12.6,143,1040.2,11,28,287.1,3075,1500.3
ALB111,Male,WIN,10,8.5,1.5,0.5,0,1,2,0,1,0.5,2,19.9,241,1194.9,27,49.1,318.5,3556,1461.6
ALB112,Male,WIN,10,6,0,3,0,1,2,0,0,0,0,11.5,172,923.4,16,59.4,346.3,4006,1442.3
ALB121,Male,WIN,10,34,2,4,1,2,13,0,5,6,1,18.2,285,1173.1,22,49,258.8,2913,1523.1
ALB122,Male,WIN,10,35,9,12,2,3,1,2,5,1,0,25.2,376,1479.4,38,55.6,261.7,3059,1513.1
ALB136,Male,WIN,10,,,,,,,,,,,,,,,,,,
ALB137,Male,WIN,10,,,,,,,,,,,,,,,,,,
ALB140,Male,WIN,10,,,,,,,,,,,,,,,,,,
ALB141,Male,WIN,10,,,,,,,,,,,,,,,,,,
ALB152,Male,WIN,10,12,8,1,1,2,0,0,0,0,0,21.6,593,1744.8,63,123.3,233.4,3088,1545.1
ALB69,Male,WIN,24,15,6.5,3,0,0,5.5,0,0,0,0,23.65,325,1173.2,35,50.7,224.8,2628,1551.6
ALB71,Male,WIN,24,15,2,5,2,3,0,2,0,0,1,7.85,82,598.3,8,27.3,205.4,2296,1586.8
ALB77,Male,WIN,24,15,5,3,0,0,5,0,2,0,0,13.4,231,1051.3,17,75.6,285,3219,1501.6
ALB78,Male,WIN,24,39,10,6,1,0,12,7,1,1,1,8.35,95,786.4,5,26.3,228.1,2458,1563.6
ALB111,Male,WIN,24,25,6,3,3,0.5,8.5,1,1,2,0,18.4,242,1070.8,26,54.2,196.1,2212,1585.5
ALB112,Male,WIN,24,4.5,0,2.5,0,1,0,0,1,0,0,2.9,39,273.5,39,65,188,2071,1609.2
ALB121,Male,WIN,24,23,8,1,0,1,10,0,1,1,1,9.6,142,597.7,13,46.1,151.7,1678,1638.7
ALB122,Male,WIN,24,29,8,6,3,1,7,0,4,0,0,29.6,421,1424.3,41,56,328.9,3783,1441.6
ALB136,Male,WIN,24,,,,,,,,,,,,,,,,,,
ALB137,Male,WIN,24,,,,,,,,,,,,,,,,,,
ALB140,Male,WIN,24,,,,,,,,,,,,,,,,,,
ALB141,Male,WIN,24,,,,,,,,,,,,,,,,,,
ALB152,Male,WIN,24,17,8,6,0,2,1,0,0,0,0,18.6,276,1092.1,26,48.2,274.3,3389,1507.2
ALB69,Male,WIN,48,30,7,10,1,0,12,0,0,0,0,15.45,203,1027.5,25,53.6,241.7,2766,1542.9
ALB71,Male,WIN,48,27,8,11,1,0,4,3,0,0,0,6.6,82,501.1,8,44,182.6,2007,1610.9
ALB77,Male,WIN,48,8,3,1,3,1,0,0,0,0,0,7.5,138,682.8,11,96,231.7,2679,1560.8
ALB78,Male,WIN,48,27,4,6,1,0,14,2,0,0,0,24.7,239,1511.2,26,27.8,270.1,2930,1505.2
ALB111,Male,WIN,48,16.5,7,1.5,1.5,2.5,4,0,0,0,0,13.5,160,756.7,15,36.2,193.9,2197,1592.7
ALB112,Male,WIN,48,12.5,4.5,4.5,0,1,1,0,0,1.5,0,4.8,60,420.8,4,55.6,184.8,2046,1610.5
ALB121,Male,WIN,48,29,9,2,1,6,8,0,3,0,0,31.1,610,1754.5,49,73.5,245.7,3202,1523.3
ALB122,Male,WIN,48,23,4,4,0,4,7,0,4,0,0,22.2,362,1130,32,58,198.5,2361,1577.5
ALB136,Male,WIN,48,,,,,,,,,,,,,,,,,,
ALB137,Male,WIN,48,,,,,,,,,,,,,,,,,,
ALB140,Male,WIN,48,,,,,,,,,,,,,,,,,,
ALB141,Male,WIN,48,,,,,,,,,,,,,,,,,,
ALB152,Male,WIN,48,25,8,9,0,3,2,0,1,0,2,15.5,266,1102.5,21,68.4,279.2,3312,1505.4
ALB69,Male,WIN,72,21,5,1,0,0,15,0,0,0,0,32.9,582,1736.4,62,68.6,234.3,2791,1532.9
ALB71,Male,WIN,72,20,4,5,0,0,8,3,0,0,0,9.85,132,677.3,16,42,200.6,2283,1589.6
ALB77,Male,WIN,72,14,4,5,2,2,0,1,0,0,0,4.8,61,522.1,2,25.2,239.3,2599,1556
ALB78,Male,WIN,72,9,1,3,0,2,2,0,1,0,0,29.7,296,1737,34,30.8,238.8,2606,1531.6
ALB111,Male,WIN,72,23,5,3,3,3,5,0,2,2,0,12.05,153,660.1,17,49.2,260.7,2847,1527.3
ALB112,Male,WIN,72,21,6,4,0,0,7,1,2,1,0,4,83,377.1,6,90.3,211.8,2393,1584.2
ALB121,Male,WIN,72,8,2,0,0,1,4,0,0,1,0,12.3,202,665.4,21,49.3,160.8,1851,1626.9
ALB122,Male,WIN,72,21.5,1.5,5.5,0.5,6.5,5.5,0,1.5,0.5,0,30.9,545,1714.9,53,73.4,223.6,2645,1545.5
ALB136,Male,WIN,72,,,,,,,,,,,,,,,,,,
ALB137,Male,WIN,72,,,,,,,,,,,,,,,,,,
ALB140,Male,WIN,72,,,,,,,,,,,,,,,,,,
ALB141,Male,WIN,72,,,,,,,,,,,,,,,,,,
ALB152,Male,WIN,72,20,11,4,1,0,2,0,1,1,0,17.9,254,990.2,23,42.8,272.7,3120,1509.4
ALB69,Male,WIN,96,29,2,2,0,0,23,1,0,1,0,28.75,409,1616.73,51,49.3,245.1,2782,1526.2
ALB71,Male,WIN,96,12,3,0,0,0,8,1,0,0,0,8.95,143,626.27,19,56.1,240.3,2678,1550.8
ALB77,Male,WIN,96,18,15,0.5,2,0,0,0,0,0.5,0,6.35,91,451.7,5,31,215,2333,1578.7
ALB78,Male,WIN,96,17.5,4,1,0.5,3,8.5,0.5,0,0,0,20.1,197,1179.6,22,28.1,225.7,2441,1554.3
ALB111,Male,WIN,96,11,3,1,1.5,1.5,2,0.5,0,0.5,1,7.6,80,474.1,11,41.9,215.9,2371,1576.6
ALB112,Male,WIN,96,13.5,9.5,0.5,0,0,3,0,0,0.5,0,3.4,68,226.1,4,74.6,211.9,2353,1584.8
ALB121,Male,WIN,96,26,8,2,1,3,6,2,2,2,0,14.7,226,852.4,28,62.5,218.7,2572,1566.6
ALB122,Male,WIN,96,37,8,7,2,8,6,3,2,1,0,29.1,492,1655.7,50,63.3,231.4,2733,1539.6
ALB136,Male,WIN,96,,,,,,,,,,,,,,,,,,
ALB137,Male,WIN,96,,,,,,,,,,,,,,,,,,
ALB140,Male,WIN,96,,,,,,,,,,,,,,,,,,
ALB141,Male,WIN,96,,,,,,,,,,,,,,,,,,
ALB152,Male,WIN,96,4,2,1,0,1,0,0,0,0,0,18.6,294,1247,23,47.1,274.5,3224,1507
ALB65,Female,Vehicle,6,,,,,,,,,,,,,,,,,,
ALB66,Female,Vehicle,6,,,,,,,,,,,,,,,,,,
ALB79,Female,Vehicle,6,,,,,,,,,,,,,,,,,,
ALB80,Female,Vehicle,6,2,7,0,4,2,0,1,0,0,,22.4,338,1513.2,29,58.4,273,3335,1504.5
ALB106,Female,Vehicle,6,2,2,1,0,7,0,0,0,0,0,24.3,291,1467.4,32,46.1,254.2,2908,1521.6
ALB127,Female,Vehicle,6,7,2,0,1,3,0,3,1,0,0,41.9,643,2251.5,65,64.3,268.7,3132,1489.4
ALB128,Female,Vehicle,6,5,1,0,0,1,0,1,0,0,0,35.1,650,1971.9,60,60.3,389.7,6196,1375.3
ALB132,Female,Vehicle,6,5,0,2,1,0,0,5,1,0,0,21.8,402,1211.7,33,68.6,295.1,3538,1483.2
ALB133,Female,Vehicle,6,17,2,0,1,7,0,3,2,0,0,,,,,,,,
ALB 144,Female,Vehicle,6,4,2,1,0,0,0,1,0,0,0,,,,,,,,
ALB 145,Female,Vehicle,6,2,9,0,0,2,0,1,0,2,0,42.25,743,2282.5,64,65.7,267.1,3372,1490.7
ALB154,Female,Vehicle,6,3,1,0,1,3,0,1,0,0,2,33.7,552,1867.6,52,61.3,266.3,3124,1499.8
ALB157,Female,Vehicle,6,9,3,2,0,0,1,0,0,0,0,17.95,2796,916.6,22,52.7,183.9,2078,1598.2
ALB65,Female,Vehicle,10,10,3.5,1.5,0,3.5,1,0,0,0,0,5.5,92,500.3,6,37.3,177.8,2556,1616.7
ALB66,Female,Vehicle,10,2,2,1.5,0.5,0,0,0,0,0,0,9.15,125,819.5,8,51.7,233.2,1948,1557.7
ALB79,Female,Vehicle,10,7,1,5,0,0,1,0,0,0,0,24.4,423,1519.4,42,74,207,2743,1568.7
ALB80,Female,Vehicle,10,3,1,2,1,1,1,0,0,0,0,18,189,1064.4,20,27.1,220.8,2469,1561.2
ALB106,Female,Vehicle,10,12,1,3.5,0,2.5,0,0,1,0,0.5,18.1,294,979.1,28,59.1,259.8,2962,1522.2
ALB127,Female,Vehicle,10,8,0,1,0.5,0,1,0,0,0,0,2.9,34,233,3,30.2,214,2227,1580
ALB128,Female,Vehicle,10,14,0.5,0,1,2,1,0,0.5,0,0,8.5,104,473.6,11,38.5,171.9,1921,1619.7
ALB132,Female,Vehicle,10,,,,,,,,,,,,,,,,,,
ALB133,Female,Vehicle,10,,,,,,,,,,,,,,,,,,
ALB 144,Female,Vehicle,10,,,,,,,,,,,,,,,,,,
ALB 145,Female,Vehicle,10,,,,,,,,,,,,,,,,,,
ALB154,Female,Vehicle,10,6,2,10,1,0,1,0,2,0,0,21.8,280,1312.6,31,51.1,353.1,4134,1425.2
ALB157,Female,Vehicle,10,6,3,2,0,1,3,0,0,0,0,27.9,541,1703.8,45,76.6,193.8,2305,1578.1
ALB65,Female,Vehicle,24,9.5,0,1,0,0,1,0,0,0,0,30.3,353,1297.7,39,37,235.1,2664,1534.6
ALB66,Female,Vehicle,24,4,1,1,0,0,3,0,0,0,0,6.3,90,689.3,4,54.6,188.5,2121,1605.3
ALB79,Female,Vehicle,24,7,1,5,0,0,0,0,0,0,0,42.7,677,2092.1,60,50.1,232.4,3067,1525
ALB80,Female,Vehicle,24,6,1,1,0,0,4,0,0,0,0,13.9,138,701.1,16,31.8,211.4,2287,1574.8
ALB106,Female,Vehicle,24,8.5,2,5,1,0,4,0,0,1,0,26.4,416,1319.1,33,47.8,250.6,3088,1523.1
ALB127,Female,Vehicle,24,2.5,4,2,2.5,1,19.5,0,0.5,0,1,6.9,72,469.3,10,34.6,180,2011,1613.2
ALB128,Female,Vehicle,24,5,5.5,0.5,2.5,0,10,0,0,0.5,0,21.4,409,1206.3,30,63.8,220.8,2708,1557.8
ALB132,Female,Vehicle,24,,,,,,,,,,,,,,,,,,
ALB133,Female,Vehicle,24,,,,,,,,,,,,,,,,,,
ALB 144,Female,Vehicle,24,,,,,,,,,,,,,,,,,,
ALB 145,Female,Vehicle,24,,,,,,,,,,,,,,,,,,
ALB154,Female,Vehicle,24,16,1,2,0,0,0,0,0,0,0,22.4,377,1375.3,39,63.2,216.8,2744,1560.9
ALB157,Female,Vehicle,24,9,2,1,0,0,6,0,0,0,0,11.8,217,843.3,20,61.8,266.3,2999,1522
ALB65,Female,Vehicle,48,2,2.5,3,0,1.5,2.5,0.5,0,0,0,21.95,285,976.8,28,36.3,225,2539,1553.1
ALB66,Female,Vehicle,48,5,2.5,1.5,0,1,1,0.5,0,0,0,3.45,58,467.5,0,0,175.3,1881,1621.3
ALB79,Female,Vehicle,48,6,0,3,0,0,0,0,0,0,0,43.1,678,2007.8,67,55,215.9,2787,1540.7
ALB80,Female,Vehicle,48,6,0,1,0,0,0,0,0,1,0,19.45,205,1033.4,24,35.2,220,2458,1560.6
ALB106,Female,Vehicle,48,13,1,11,2,2,1,0,0,0,3,12.55,186,591.6,17,44.5,205.7,2438,1581.8
ALB127,Female,Vehicle,48,30.5,0,0.5,0,0,3,0,0,0,0,2.1,28,190,1,25.2,116.7,1234,1681.2
ALB128,Female,Vehicle,48,19,7.5,0,1,2,14,0.5,1,1.5,0,17,277,887.9,23,47.9,187.8,2174,1595.3
ALB132,Female,Vehicle,48,,,,,,,,,,,,,,,,,,
ALB133,Female,Vehicle,48,,,,,,,,,,,,,,,,,,
ALB 144,Female,Vehicle,48,,,,,,,,,,,,,,,,,,
ALB 145,Female,Vehicle,48,,,,,,,,,,,,,,,,,,
ALB154,Female,Vehicle,48,3,1,3,0,0,0,0,1,0,0,,,,,,,,
ALB157,Female,Vehicle,48,9,2,1,0,0,6,0,0,0,0,9,270,1023.3,29,81,194.7,2273,1590.1
ALB65,Female,Vehicle,72,10,2.5,3,0,1.5,2.5,0.5,0,0,0,21.95,285,976.8,28,36.3,225,2539,1553.1
ALB66,Female,Vehicle,72,6.5,2.5,1.5,0,1,1,0.5,0,0,0,3.45,58,467.5,0,0,175.3,1881,1621.3
ALB79,Female,Vehicle,72,3,0,3,0,0,0,0,0,0,0,43.1,678,2007.8,67,55,215.9,2787,1540.7
ALB80,Female,Vehicle,72,2,0,1,0,0,0,0,0,1,0,19.45,205,1033.4,24,35.2,220,2458,1560.6
ALB106,Female,Vehicle,72,20,1,11,2,2,1,0,0,0,3,12.55,186,591.6,17,44.5,205.7,2438,1581.8
ALB127,Female,Vehicle,72,3.5,0,0.5,0,0,3,0,0,0,0,2.1,28,190,1,25.2,116.7,1234,1681.2
ALB128,Female,Vehicle,72,27.5,7.5,0,1,2,14,0.5,1,1.5,0,17,277,887.9,23,47.9,187.8,2174,1595.3
ALB132,Female,Vehicle,72,,,,,,,,,,,,,,,,,,
ALB133,Female,Vehicle,72,,,,,,,,,,,,,,,,,,
ALB 144,Female,Vehicle,72,,,,,,,,,,,,,,,,,,
ALB 145,Female,Vehicle,72,,,,,,,,,,,,,,,,,,
ALB154,Female,Vehicle,72,5,1,3,0,0,0,0,1,0,0,,,,,,,,
ALB157,Female,Vehicle,72,6,3,0,0,0,2,0,0,1,0,15.3,270,1023.3,29,81,194.7,2273,1590.1
ALB65,Female,Vehicle,96,7,2,1,0,0,3,0,1,0,0,20.65,259,1089.9,27,44.2,219.5,2496,1559.9
ALB66,Female,Vehicle,96,3,0,0,0,1,1,1,0,0,0,3.2,38,300.9,2,23.64,137.7,1478,1659.1
ALB79,Female,Vehicle,96,11,1,3,1.5,0,5.5,0,0,0,0,35.4,592,1776.5,55,54.8,205.5,2538,1559.1
ALB80,Female,Vehicle,96,10,3.5,4,0.5,0,1,0,0,0,1,11.4,123,544.6,14,29.6,204.1,2188,1584.6
ALB106,Female,Vehicle,96,12,2,5,2,3,0,0,0,0,0,6.4,105,374.8,12,63.1,186.7,2147,1606.9
ALB127,Female,Vehicle,96,29,0,2,4,2,19,0,0,2,0,4.2,50,338.3,4,32.5,233.7,2461,1562.2
ALB128,Female,Vehicle,96,17,1,0,0,0,13,0,0,0,3,31.8,556,1613.9,46,65.4,231.9,2691,1536.3
ALB132,Female,Vehicle,96,,,,,,,,,,,,,,,,,,
ALB133,Female,Vehicle,96,,,,,,,,,,,,,,,,,,
ALB 144,Female,Vehicle,96,,,,,,,,,,,,,,,,,,
ALB 145,Female,Vehicle,96,,,,,,,,,,,,,,,,,,
ALB154,Female,Vehicle,96,8,2,3,0,0,3,0,0,0,0,16.8,287,977.4,24,50.6,156.1,1795,1627.2
ALB157,Female,Vehicle,96,12,2,0,0,0,10,0,0,0,0,34.2,595,1599.3,55,55.4,202.8,2356,1563
ALB67,Female,WIN,6,,,,,,,,,,,,,,,,,,
ALB68,Female,WIN,6,,,,,,,,,,,,,,,,,,
ALB75,Female,WIN,6,,,,,,,,,,,,,,,,,,
ALB76,Female,WIN,6,,,,,,,,,,,,,,,,,,
ALB107,Female,WIN,6,16,3,5,2,1,5,0,0,0,0,22.15,245,1236,25,35.9,247.8,2720,1530.1
ALB108,Female,WIN,6,23,2,1,5,4,2,1,5,0,3,21.25,474,1421.4,45,87.1,242.6,3208,1536.2
ALB125,Female,WIN,6,19,6,4,0,3,1,0,5,0,0,34.7,540,1774.8,53,51.6,213.8,2621,1551.6
ALB126,Female,WIN,6,21,6,7,0,2,0,0,4,0,2,16.9,225,1131.2,23,57.1,284.3,3203,1498.9
ALB130,Female,WIN,6,48,1,16,5,0,11,1,6,5,3,26.7,423,1330.5,35,45.3,257.7,3178,1515.7
ALB131,Female,WIN,6,25,4,10,2,4,0,0,5,0,0,8.1,170,837.3,15,104.4,245.1,2836,1546.9
ALB 142,Female,WIN,6,23,0,5,7,2,1,0,7,0,1,4.4,75,494.3,3,111.4,297.7,3267,1498
ALB 143,Female,WIN,6,33,2,9,3,14,0,0,2,0,3,15.4,260,1466.9,22,97.5,314.4,3834,1470.3
ALB67,Female,WIN,10,15,1,10,1,2,0,0,0,0,1,8.6,144,763.7,8,73.7,228.5,2723,1562.9
ALB68,Female,WIN,10,9,2,1,0,2,2,0,0,1,1,4.9,73,639.9,2,88,186.9,1998,1608.2
ALB75,Female,WIN,10,12,1,3,1,4,0,0,0,1,2,28.6,587,1764.1,48,78.9,204.3,2597,1567.2
ALB76,Female,WIN,10,26,1,15,0,2,5,1,1,0,1,13.8,223,1190.27,15,50.4,196,2247,1590.5
ALB107,Female,WIN,10,18.5,1,9,1,1.5,3.5,0.5,1,0,1,10.9,118,769.5,9,37.2,183.7,1993,1605.4
ALB108,Female,WIN,10,6,0,0,0,2,0,0,0.5,0,3.5,1.3,24,177.4,1,127,66,758,1732.7
ALB125,Female,WIN,10,12,2,0,0,5,1,0,3,0,1,22.1,296,1592.7,29,57.5,243.2,2830,1534.8
ALB126,Female,WIN,10,19,7,1,0,1,3,3,2,0,2,9.3,149,627.7,12,67.4,188.8,2109,1601.9
ALB130,Female,WIN,10,,,,,,,,,,,,,,,,,,
ALB131,Female,WIN,10,14.6875,1.875,4.875,0.375,2.4375,1.8125,0.5625,0.9375,0.25,1.5625,,,,,,,,
ALB 142,Female,WIN,10,,,,,,,,,,,,,,,,,,
ALB 143,Female,WIN,10,,,,,,,,,,,,,,,,,,
ALB67,Female,WIN,24,10,0,5,4,0,0.5,0,0,0.5,0,4.6,92,605.6,5,122,189.9,2067,1605.5
ALB68,Female,WIN,24,17.5,5,1.5,0,0.5,9,0,0,1.5,0,15.95,204,1208.5,17,41.4,280.3,3132,1503.8
ALB75,Female,WIN,24,12,4.5,0.5,2.5,0,3,1.5,0,0,0,20.8,417,1137.6,29,58.6,190.6,2364,1588.7
ALB76,Female,WIN,24,13.5,2,1,1,0,8,1,0,0.5,0,4.4,70,363.5,4,25.5,203,2183,1592.7
ALB107,Female,WIN,24,8.5,0,0.5,0.5,0,7.5,0,0,0,0,2.9,41,308.7,3,102.1,172.5,1864,1624.7
ALB108,Female,WIN,24,11.5,0,3,0,0,3,2,0,0,3.5,6.1,134,518.5,13,81.1,179.3,2163,1614.7
ALB125,Female,WIN,24,16,0,4.5,0,4,5,0.5,0,0,2,14.7,177,822.6,21,54.8,172.7,1943,1612.7
ALB126,Female,WIN,24,9,2.5,2.5,0,0.5,1,0,1,0.5,1,7,95,539.3,10,84.2,150.4,1722,1642.7
ALB130,Female,WIN,24,,,,,,,,,,,,,,,,,,
ALB131,Female,WIN,24,12.25,1.75,2.3125,1,0.625,4.625,0.625,0.125,0.375,0.8125,,,,,,,,
ALB 142,Female,WIN,24,,,,,,,,,,,,,,,,,,
ALB 143,Female,WIN,24,,,,,,,,,,,,,,,,,,
ALB67,Female,WIN,48,16,0,11,5,0,0,0,0,0,0,15.8,284,1200.13,19,58.2,274.9,3287,1509.3
ALB68,Female,WIN,48,15,7,2,2,0,4,0,0,0,0,7.1,112,616.8,9,44.7,193.5,2096,1599.4
ALB75,Female,WIN,48,4,1,1,1,0,1,0,0,0,0,3.25,60,333.1,5,73,122.7,1397,1673.9
ALB76,Female,WIN,48,9,0,3,0,4,2,0,0,0,0,25.1,449,1456.2,32,61.4,222.5,2665,1552.4
ALB107,Female,WIN,48,10,2,3,0,1,2,2,0,0,0,7.35,110,315.6,8,51.5,128.7,1388,1664
ALB108,Female,WIN,48,14,0,2,0,1,2,8,1,0,0,2.4,47,242.8,5,97.9,117.8,1438,1679.8
ALB125,Female,WIN,48,9,0.5,0.5,2,2.5,0,0.5,2,1,0,16.3,249,875.1,25,47.1,157,1853,1626.8
ALB126,Female,WIN,48,5.5,0.5,1.5,0,1.5,0.5,1,0,0,0.5,3.9,97,357.5,9,107,186,2070,1610.2
ALB130,Female,WIN,48,,,,,,,,,,,,,,,,,,
ALB131,Female,WIN,48,10.3125,1.375,3,1.25,1.25,1.4375,1.4375,0.375,0.125,0.0625,,,,,,,,
ALB 142,Female,WIN,48,,,,,,,,,,,,,,,,,,
ALB 143,Female,WIN,48,,,,,,,,,,,,,,,,,,
ALB67,Female,WIN,72,6,0,4,0,0,2,0,0,0,0,6,15,215,1057.3,19,62.4,215.8,2550
ALB68,Female,WIN,72,26.5,11.5,2,0,0,13,0,0,0,0,26.5,3.7,63,383.4,2,26.2,160.4,1701
ALB75,Female,WIN,72,10,4,2,0,1,1,2,0,0,0,10,9.45,189,590.3,16,75.7,210.5,2379
ALB76,Female,WIN,72,10,0,2,0,0,1,7,0,0,0,10,21.85,397,1159.2,38,71.7,211.8,2405
ALB107,Female,WIN,72,14,0,1.5,1,1,9,1,0,0,0.5,14,5.2,67,361.8,6,51.2,140,1558
ALB108,Female,WIN,72,42,1,1.5,0,0,37,2,0,0,0.5,42,6,133,437.4,16,96.7,185,2146
ALB125,Female,WIN,72,10.5,0,1,1.5,2,2.5,0,1,0.5,2,10.5,18.3,304,1157,28,56.6,209.4,2389
ALB126,Female,WIN,72,6,0.5,1,1,0.5,1.5,0,0.5,0.5,0.5,6,2.25,36,239,4,115,220.9,2346
ALB130,Female,WIN,72,,,,,,,,,,,,,,,,,,
ALB131,Female,WIN,72,15.625,2.125,1.875,0.4375,0.5625,8.375,1.5,0.1875,0.125,0.4375,15.625,,,,,,,
ALB 142,Female,WIN,72,,,,,,,,,,,,,,,,,,
ALB 143,Female,WIN,72,,,,,,,,,,,,,,,,,,
ALB67,Female,WIN,96,9,2,3,3,0,1,0,0,0,0,14.3,215,1143.7,21,75.02,282.1,3207,1503.6
ALB68,Female,WIN,96,16,7,2,0,0,7,0,0,0,0,4.8,60,541.2,1,25.4,168.8,1802,1626.5
ALB75,Female,WIN,96,9,1,1,0,0,3,2,0,2,0,13.95,255,800.3,27,80.4,192,2225,1594.1
ALB76,Female,WIN,96,10,0,3,1,1,3,1,0,1,0,19.5,289,1025.6,29,63.8,223,2604,1557.6
ALB107,Female,WIN,96,11,0,2,0,0,0,8,1,0,0,5,48,326.6,5,48.7,126.9,1365,1668.2
ALB108,Female,WIN,96,42,1,2,2,0,32,3,2,0,0,21.95,404,1033.4,24,50.1,186.6,2174,1591.5
ALB125,Female,WIN,96,5,0,0,0,1,2,0,0,0,2,17.2,230,981,25,53.8,172.7,1982,1610.2
ALB126,Female,WIN,96,8,1,0,0,1,4,0,0,1,1,15.9,277,1055.1,24,68.8,251.3,2907,1532.8
ALB130,Female,WIN,96,,,,,,,,,,,,,,,,,,
ALB131,Female,WIN,96,13.75,1.5,1.625,0.75,0.375,6.5,1.75,0.375,0.5,0.375,,,,,,,,
ALB 142,Female,WIN,96,,,,,,,,,,,,,,,,,,
ALB 143,Female,WIN,96,,,,,,,,,,,,,,,,,,