Specific Aim 1: Compare spontaneuos withdrawal from WIN in male and female rats,,,,,,,,,,,,,,,,,,,,,,,,,,,,,,,,,,,,,,,,,,,,,,,,,,,,,,,,,,,,,,,,,,,,,,,,,,,,,,,,,,,,,,,,,,,,,,,,,,,,,,,,,,,,,,,,,,,,,,,,,,,,,,,,,,,,,,,,,,,,,,,,,,,,,,,,,,,,,,,,,,,,,,,,,,,,,,,,,,,,,,,,,,,,,,,,,,,,,,,,,,,,,,,,,,,,,,,,,,,,,,,,
Experimenter:,,Abigail Brewer,,,,,,,,,,,,,,,,,,,,,,,,,,,,,,,,,,,,,,,,,,,,,,,,,,,,,,,,,,,,,,,,,,,,,,,,,,,,,,,,,,,,,,,,,,,,,,,,,,,,,,,,,,,,,,,,,,,,,,,,,,,,,,,,,,,,,,,,,,,,,,,,,,,,,,,,,,,,,,,,,,,,,,,,,,,,,,,,,,,,,,,,,,,,,,,,,,,,,,,,,,,,,,,,,,,,,,,,,,,,,,
Drug administration:,,D1- 0.2 mg/kg WIN or DMSO + Saline PM and AM,,,,,Red label denotes brain collected and stored in the -80,,,,,,,,,,,,,,,,,,,,,,,,,,,,,,,,,,,,,,,,,,,,,,,,,,,,,,,,,,,,,,,,,,,,,,,,,,,,,,,,,,,,,,,,,,,,,,,,,,,,,,,,,,,,,,,,,,,,,,,,,,,,,,,,,,,,,,,,,,,,,,,,,,,,,,,,,,,,,,,,,,,,,,,,,,,,,,,,,,,,,,,,,,,,,,,,,,,,,,,,,,,,,,,,,,,,,,,,,
,,D2- 0.4 mg/kg WIN or DMSO + Saline PM and AM,,,,,,,,,,,,,,,,,,,,,,,,,,,,,,,,,,,,,,,,,,,,,,,,,,,,,,,,,,,,,,,,,,,,,,,,,,,,,,,,,,,,,,,,,,,,,,,,,,,,,,,,,,,,,,,,,,,,,,,,,,,,,,,,,,,,,,,,,,,,,,,,,,,,,,,,,,,,,,,,,,,,,,,,,,,,,,,,,,,,,,,,,,,,,,,,,,,,,,,,,,,,,,,,,,,,,,,,,,,,,,
,,D3- 0.6 mg/kg WIN or DMSO + Saline PM and AM,,,,,,,,,,,,,,,,,,,,,,,,,,,,,,,,,,,,,,,,,,,,,,,,,,,,,,,,,,,,,,,,,,,,,,,,,,,,,,,,,,,,,,,,,,,,,,,,,,,,,,,,,,,,,,,,,,,,,,,,,,,,,,,,,,,,,,,,,,,,,,,,,,,,,,,,,,,,,,,,,,,,,,,,,,,,,,,,,,,,,,,,,,,,,,,,,,,,,,,,,,,,,,,,,,,,,,,,,,,,,,
,,D4- 0.8 mg/kg WIN or DMSO + Saline PM and AM,,,,,,,,,,,,,,,,,,,,,,,,,,,,,,,,,,,,,,,,,,,,,,,,,,,,,,,,,,,,,,,,,,,,,,,,,,,,,,,,,,,,,,,,,,,,,,,,,,,,,,,,,,,,,,,,,,,,,,,,,,,,,,,,,,,,,,,,,,,,,,,,,,,,,,,,,,,,,,,,,,,,,,,,,,,,,,,,,,,,,,,,,,,,,,,,,,,,,,,,,,,,,,,,,,,,,,,,,,,,,,
,,"D5- 0.8 mg/kg WIN or DMSO + Saline PM withdrawal assessed at 10, 24, 48, 72, 96 hr after final infusion",,,,,,,,,,,,,,,,,,,,,,,,,,,,,,,,,,,,,,,,,,,,,,,,,,,,,,,,,,,,,,,,,,,,,,,,,,,,,,,,,,,,,,,,,,,,,,,,,,,,,,,,,,,,,,,,,,,,,,,,,,,,,,,,,,,,,,,,,,,,,,,,,,,,,,,,,,,,,,,,,,,,,,,,,,,,,,,,,,,,,,,,,,,,,,,,,,,,,,,,,,,,,,,,,,,,,,,,,,,,,,
,,,,,,,,,,,,,6 hr,,,,,,,,,,,,,,,,,,,,,,,,,,,,,,,,,,10 hr,,,,,,,,,,,,,,,,,,,,,,,,,,,,,,,,,24 hr,,,,,,,,,,,,,,,,,,,,,,,,,,,,,,,,,48 hr,,,,,,,,,,,,,,,,,,,,,,,,,,,,,,,,,72 hr,,,,,,,,,,,,,,,,,,,,,,,,,,,,,,,,,96 hr,,,,,,,,,,,,,,,,,,,,,,,,,,,,,,,,,,,,,,,,,,,,,
VEHICLE MALES,,,,,,,,,,,,,Physiological Measures ,,,,,,Behavioral Measures,,,,,,,,,,,,,,,,,,,,,,,,,,,,physiological measures,,,,,Behavioral Measures,,,,,,,,,,,,,,,,,,,,,,,,,,,,physiological measures,,,,,Behavioral Measures,,,,,,,,,,,,,,,,,,,,,,,,,,,,physiological measures,,,,,Behavioral Measures,,,,,,,,,,,,,,,,,,,,,,,,,,,,physiological measures,,,,,Behavioral Measures,,,,,,,,,,,,,,,,,,,,,,,,,,,,physiological measures,,,,,Behavioral Measures,,,,,,,,,,,,,,,,,,,,,,,,,,,,,,,,,,,,,,,,
,,Weight:,D1,,D2,,D3,,D4,,D5,,Body Temp,,,Body weight,,,Count per occurence,,,,,,,,,Checked as present or absent,,,,,SUM,,Locomotion,,,,,,,,,,,,Body Temp,,Body weight,,,Count per occurence,,,,,,,,,Checked as present or absent,,,,,SUM,,Locomotion,,,,,,,,,,,,BODY TEMP,,Body weight,,,Count per occurence,,,,,,,,,Checked as present or absent,,,,,SUM,,Locomotion,,,,,,,,,,,,BODY TEMP,,Body weight,,,Count per occurence,,,,,,,,,Checked as present or absent,,,,,SUM,,Locomotion,,,,,,,,,,,,BODY TEMP,,Body weight,,,Count per occurence,,,,,,,,,Checked as present or absent,,,,,SUM,,Locomotion,,,,,,,,,,,,BODY TEMP,,Body weight,,,Count per occurence,,,,,,,,,Checked as present or absent,,,,,SUM,,Locomotion,,,,,,,,,,,,,,,,,,,,,,,,
ID:,Start date,,PM,AM,PM,AM,PM,AM,PM,AM,PM,,after final WIN,before session,after session,before session,After W/D,Fecal boli,WDS,Tremors,Writhes,Retropulsion,Hind Leg Scratch,Yawn,Facial rubs,Head/face twitch,Arched Back posture,Ptosis,PE,Genital Licks,sniffing,Teeth Chatter,GLOBAL SCORE,,Ambulatory time,Ambulatory counts,Ambulatory distance,Ambulatory episodes,ambulatory speeds,Stereotypic time,Stereotypic counts,Jump time,Jump Counts,Resting time,Total Beam breaks,,before session,after session,before session,After W/D,,WDS,Tremors,Writhes,Retropulsion,Hind Leg Scratch,Yawn,Facial rubs,Head/face twitch,Arched Back posture,Ptosis,PE,Genital Licks,sniffing,Teeth Chatter,GLOBAL SCORE,,Ambulatory time,Ambulatory counts,Ambulatory distance,Ambulatory episodes,ambulatory speeds,Stereotypic time,Stereotypic counts,Jump time,Jump Counts,Resting time,Total Beam breaks,,before session,after session,before session,After W/D,fecal,WDS,Tremors,Writhes,Retropulsion,Hind Leg Scratch,Yawn,Facial rubs,Head/face twitch,Arched Back posture,Ptosis,PE,Genital Licks,sniffing,Teeth Chatter,GLOBAL SCORE,,Ambulatory time,Ambulatory counts,Ambulatory distance,Ambulatory episodes,ambulatory speeds,Stereotypic time,Stereotypic counts,Jump time,Jump Counts,Resting time,Resting time,,before session,after session,before session,After W/D,,WDS,Tremors,Writhes,Retropulsion,Hind Leg Scratch,Yawn,Facial rubs,Head/face twitch,Arched Back posture,Ptosis,PE,Genital Licks,sniffing,Teeth Chatter,GLOBAL SCORE,,Ambulatory time,Ambulatory counts,Ambulatory distance,Ambulatory episodes,ambulatory speeds,Stereotypic time,Stereotypic counts,Jump time,Jump Counts,Resting time,Resting time,,before session,after session,before session,After W/D,,WDS,Tremors,Writhes,Retropulsion,Hind Leg Scratch,Yawn,Facial rubs,Head/face twitch,Arched Back posture,Ptosis,PE,Genital Licks,sniffing,Teeth Chatter,GLOBAL SCORE,,Ambulatory time,Ambulatory counts,Ambulatory distance,Ambulatory episodes,ambulatory speeds,Stereotypic time,Stereotypic counts,Jump time,Jump Counts,Resting time,Resting time,,before session,after session,before session,After W/D,,WDS,Tremors,Writhes,Retropulsion,Hind Leg Scratch,Yawn,Facial rubs,Head/face twitch,Arched Back posture,Ptosis,PE,Genital Licks,sniffing,Teeth Chatter,GLOBAL SCORE,,Ambulatory time,Ambulatory counts,Ambulatory distance,Ambulatory episodes,ambulatory speeds,Stereotypic time,Stereotypic counts,Jump time,Jump Counts,Resting time,Resting time,,,,,,,,,,,,,,
ALB70,8/23/21,,405,411,423,423,412,414,413,415,416,,36.5,,,,,,,,,,,,,,,,,,,,,,,,,,,,,,,,,,36,36.9,417,415,,1,6,1,1,0,0,0,0,1,0,0,1,0,0,10,,20.6,280,1483.1,28,57.7,302.9,3522,0,0,1476.6,3802,,35.8,37,411,408,,5.5,0.5,0,0.5,6,1.5,0,0,0,0,0,2,0,1,14,,17.5,244,937,29,53.7,231.6,2627,0,0,1551,,,36,37.4,417,413,,1,2,2,0,0,0,0,0,0,0,0,0,0,0,5,,26.3,376,1401.3,40,47.3,203.8,2585,0,0,1569.9,,,36,37.4,421,416,,1,3,2,0,0,0,0,0,0,0,0,0,0,0,6,,9.7,115,648.2,13,48.8,171.9,1947,0,0,1618.4,,,36,37,422,419,,0,3,3,0,0,0,0,0,0,0,0,0,0,1,6,,28.4,380,1363.7,42,43.1,222,2621,0,0,1549.6,,,,,,,,,,,,,,,
ALB72,8/23/21,,416,415,416,410,415,422,422,419,418,,36.1,,,,,,,,,,,,,,,,,,,,,,,,,,,,,,,,,,35.7,37.4,426,424,,10,5,0,1,4,0,1,0,0,0,0,1,0,0,21,,8.25,135,668.5,13,60.1,255.8,3056,0,0,1536.1,3191,,36.3,37.3,424,423,,7,0,0,1,12.5,0.5,0,0,0,0,0,2,0,0,21,,6.9,111,492.8,13,47.9,182.7,2109,0,0,1610.4,,,36.4,37.1,424,421,,6,1,1,1,14,0,0,0,0,0,0,3,0,0,23,,8.2,139,679,20,74.2,219.8,2646,0,0,1572.1,,,36.5,36.8,428,426,,3,0,0,1,7,0,0,0,0,0,0,3,0,0,11,,8.05,100,550.1,14,40.4,191,2066,0,0,1601,,,36.4,37.9,436,433,,0,1,1,0,0,0,0,0,0,0,0,0,0,0,2,,3.8,62,377,6,80.6,200.8,2244,0,0,1595.4,,,,,,,,,,,,,,,
ALB73,8/26/21,,388,392,384,395,383,395,384,394,388,,36.7,,,,,,,,,,,,,,,,,,,,,,,,,,,,,,,,,,36.7,37.4,393,391,,2,4,0,0,1,0,0,0,0,0,0,1,0,1,7,,33.5,698,2005.3,59,79.6,270.1,3598,0,0,1496.4,4296,,37.1,36.8,391,387,,3,0,0,0,10.5,0,0,0.5,0,1,0,2,0,1,14,,24.45,309,1071.6,35,43,176.8,2123,0,0,1598.8,,,,,393,392,,11,0,0,0,14,1,2,0,0,0,0,3,0,1,28,,20.6,310,1061.1,41,68.6,216.3,2708,0,0,1563.1,,,36.4,36.8,396,395,,1,0,0,0,14,0,0,0,0,0,0,3,0,1,15,,26.3,450,1286.2,47,59.5,223.7,2980,0,0,1550.05,,,36.3,36.9,392,392,,1,2,0,0,2,1,0,0,0,0,2,2,0,1,6,,4.4,84,333.1,9,76.5,185.6,2124,0,0,1610.1,,,,,,,,,,,,,,,
ALB74,8/26/21,,385,387,386,394,388,391,387,393,388,,36.9,,,,,,,,,,,,,,,,,,,,,,,,,,,,,,,,,,37,37.5,393,391,,2,4,0,0,3,0,0,0,0,0,0,1,0,0,9,,13.4,161,937.4,20,39.7,182.9,1987,0,0,1603.8,2148,,36,37.8,392,389,,2,1.5,1,1,0.5,4.5,0,0,0,0,0,3,0,1,10.5,,2.2,40,291.1,1,136.8,94.7,1038,0,0,1703.1,,,,,393,390,,0,4,0,0,1,2,0,1,0,0,0,2,0,0,8,,2.1,35,210.4,1,98.7,98.7,1045,0,0,1699.3,,,36.9,37.6,393,391,,0,0,0,0,0,0,0,0,0,0,0,3,0,1,0,,3.75,33,251.4,3,23.3,98.8,1060,0,0,1697.5,,,36.4,37.4,389,384,,1,0,1,0,1,1,0,1,0,0,0,0,0,0,5,,4.1,43,300.7,5,36.2,92,994,0,0,1703.8,,,,,,,,,,,,,,,
ALB109,12/29/21,,394,399,390,394,389,397,387,397,393,,37.2,36.7,37.2,387,384,,0,0,0,2,0,1,0,0,0,0,0,1,0,1,3,,4.45,55,403.4,4,65.1,171,1856,0,0,1624.6,,,36.8,37.2,395,390,,2,0.5,0,0,0,0,0,0,0,0,1,0,0,1,2.5,,14.3,206,957.1,17,52.7,235.1,2595,0,0,1550.7,,,36.8,37.5,390,384,,0,0,0,0.5,0.5,0,0,0,0,0,0,0,0,2,1,,24.1,355,1325.2,43,72.6,257.9,2951,0,0,1518.1,,,37.1,37.6,395,393,,1,0,0,0,1.5,0,0,0,0,0,1,1,0,2,2.5,,16,291,859.7,25,64.9,254.1,2934,0,0,1530,,,36.2,37.2,394,392,,0,0,0,0,0,0,0,0,0,0,0,0,0,2,0,,14.7,323,1006.4,27,87.8,224.3,2667,0,0,1561.1,,,36.7,37.6,394,393,,1.5,0,0,2,0,0,0,1,1,1.5,1,0.5,0,2,5.5,,15.9,317,942.6,25,63.6,248.7,2819,0,0,1535.5,,,,,,,,,,,,,,,
ALB110,12/29/21,,453,464,452,464,453,464,453,464,450,,36.9,36.5,36.8,448,446,,7,2,0,0,4,1,1,0,0,0,0,1,0,1,15,,22.2,377,1323.8,37,62.5,257.4,3104,0,0,1520.5,total time,,36.8,37.5,464,459,,5.5,3.5,0,0,12.5,0,1.5,0,0,1,2,3,0,2,23,,21.2,347,1228.7,34,51.6,277.6,3124,0,0,1501.3,total time,,36.6,37,448,449,,3,0.5,0,0,5,0,0,0,0,1,4,1,0,2,8.5,,9.4,146,556.2,11,41.5,159.3,1824,0,0,1631.4,,,37,36.9,457,456,,3,2,1.5,0,11,0,0,0,0,2,4,1,1,3,17.5,,10.6,154,579.4,17,47.7,213.7,2371,0,0,1575.8,,,36.8,37,457,459,,7,0,0,2,10,1,0,0,0,3,5,1,1,3,20,,17.4,247,776.2,24,55.4,159.7,1814,0,0,1622.9,,,36.9,37.4,465,463,,6.5,0,2,0,17.5,0.5,0,0,0,1.5,4,0.5,0,2.5,26.5,,12.3,144,497.4,18,42.1,195.1,2098,0,0,1592.7,,,,,,,,,,,,,,,
ALB123,2/9/22,,333,342,338,340,332,341,334,341,337,,36.7,36.9,37.4,340,336,,1,5,0,0,1,0,1,0,0,0,0,1,3,2,8,,29.5,684,1919.42,50,80.72,213,2607,0,0,1557.6,0,,36.3,36.9,345,342,,2,4,0,1,1,1,0,0,0,0,0,3,3,2,9,,16.7,387,1304.5,34,87,234.2,2771,0,0,1549.2,323.5,,36.6,37,339,335,,2,7,0,1,0,2,1,1,0,0,0,1,3,3,14,,30.9,677,1992.3,59,79.8,261.5,3205,0,0,1507.7,,,36.3,37.1,339,337,,0,7,0,2,2,0,2,0,1,0,0,2,2,3,14,,34,746,2121.6,61,78.1,208.4,2640,0,0,1557.7,,,36.6,37.2,343,340,,1,2,0,0,1.5,1,0.5,0,1.5,0,1,2,1,4,7.5,,35,673,1882.9,50,65.6,186.4,2486,0,0,1578.6,,,35.8,36.2,348,345,,1,7,0,0,2,3,1,0,0,0,0,0,1,2,14,,24.5,549,1686.1,34,66.1,195.4,2628,0,0,1580.2,,,,,,,,,,,,,,,
ALB124,2/9/22,,353,358,360,359,353,361,358,378,367,,36.8,37,37.1,372,370,,0,0,0,3,0,1,0,2,0,0,0,1,0,2,6,,8.5,163,717.1,16,105.4,188.2,2157,0,0,1603.4,0,,36.5,36.4,370,368,,2,1,1,3,6,2,1,1,0,2,2,1,0,0,17,,23,455,1297.4,35,61.9,189.5,2311,0,0,1587.6,264.05,,36.7,37,364,362,,3,1,2,0,6,1,1,1,0,0,0,0,0,1,15,,16.3,268,837.7,21,58.8,220.8,2537,0,0,1563,,,36.4,37.2,369,364,,3,0,3,0,2,6,1,0,0,2,2,2,0,1,15,,14.2,287,766,24,64.4,139.1,1646,0,0,1646.8,,,36.3,37.2,360,362,,5.5,0,1,0.5,9,1.5,0,1,0.5,0,1,2,0,1,19,,12.25,226,634.3,18,49.7,208.5,2391,0,0,1579.3,,,36.7,37.2,366,362,,2,0,0,0,2,2,0,1,0,1,1,1,2,3,7,,21.5,417,1113.1,30,62.8,193.3,2201,0,0,1585.3,,,,,,,,,,,,,,,
ALB134,3/25/22,,331,352,350,355,347,353,349,360,346,,36.5,36.4,36.7,343,344,,2,0,1,1,3,2,2,0,0,0,0,3,1,1,11,,11.3,144,1169,9,63.7,258.5,2903,0,0,1530.2,,,,,,,,,,,,,,,,,,,,,,,,,,,,,,,,,,,,,,,,,,,,,,,,,,,,,,,,,,,,,,,,,,,,,,,,,,,,,,,,,,,,,,,,,,,,,,,,,,,,,,,,,,,,,,,,,,,,,,,,,,,,,,,,,,,,,,,,,,,,,,,,,,,,,,,,,,,,,,,,,,,,,,,,,,,,,,,,,,,,
ALB135,3/25/22,,371,380,377,381,372,375,375,382,376,,37.2,36.7,37.7,374,371,,4,4,0,0,0,3,3,1,0,0,0,1,0,2,15,,17.7,231,1100,20,41.9,296.4,3251,0,0,1486,,,,,,,,,,,,,,,,,,,,,,,,,,,,,,,,,,,,,,,,,,,,,,,,,,,,,,,,,,,,,,,,,,,,,,,,,,,,,,,,,,,,,,,,,,,,,,,,,,,,,,,,,,,,,,,,,,,,,,,,,,,,,,,,,,,,,,,,,,,,,,,,,,,,,,,,,,,,,,,,,,,,,,,,,,,,,,,,,,,,
ALB139,4/24/22,,350,337,345,342,337,349,343,350,350,,37.1,37.1,37.5,354,352,3,1,6,1,0,0,0,8,0,0,0,0,0,0,1,16,,35.2,912,2698.9,55,89.5,254.3,3403,0,0,1510.6,,,,,,,,,,,,,,,,,,,,,,,,,,,,,,,,,,,,,,,,,,,,,,,,,,,,,,,,,,,,,,,,,,,,,,,,,,,,,,,,,,,,,,,,,,,,,,,,,,,,,,,,,,,,,,,,,,,,,,,,,,,,,,,,,,,,,,,,,,,,,,,,,,,,,,,,,,,,,,,,,,,,,,,,,,,,,,,,,,,,
ALB151,5/29/22,,370,368,366,367,356,371,364,369,366,,36,36.5,36.7,365,363,5,11,0,0,0,0,0,0,0,0,0,1,2,1,2,11,,36.45,610,2157.8,58,66.3,277.9,3516,0,0,1485.7,,,36.1,36.6,373,367,6,3,3,0,0,0,0,0,0,0,0,0,0,0,2,6,,13.35,225,798,20,54.1,161.5,1889,0,0,1625.2,,,36,37.1,369,366,6,6,4,1,0,1,0,0,0,0,0,1,0,2,1,12,,15.1,289,922.8,28,68.2,173.7,2191,0,0,1611.3,,,35.4,36.9,369,366,3,3,2,1,0,5,0,0,0,0,0,0,1,0,3,11,,14,246,780.5,25,67.3,221.2,2777,0,0,1565,,,35.7,36.9,372,373,1,5,2,1,0,2,0,0,0,0,0,0,1,0,0,10,,19.1,392,1345.7,36,88,248,3052,3.95,1,1529.1,,,35.7,36.9,377,374,1,1,0,0,0,2,0,0,0,0,0,1,2,0,0,3,,19.1,387,1527.2,43,90,284.2,3514,0,0,1496.7,,,,,,,,,,,,,,,
AVERAGE,,,379.0833333,383.75,382.25,385.3333333,378.0833333,386.0833333,380.75,388.5,382.9166667,,36.725,36.775,37.125,386.75,384,,2,1.75,0,1.25,1.25,0.75,0.5,0.5,0,0,0,1,0.75,1.5,8,,,,,,,,,,,,0,,36.475,37.15,400.375,397.5,,3.3125,3.5,0.25,0.75,3.4375,0.375,0.4375,0.125,0.125,0.375,0.625,1.375,0.375,0.75,12.3125,,,,,,,,,,,,303.6,,36.4875,37.175,394.875,392.125,,3.1875,1.3125,0.375,0.5,5.125,1.1875,0.25,0.3125,0,0.25,0.5,1.375,0.375,1.375,12.25,,,,,,,,,,,,,,36.53333333,37.21666667,398.375,395.75,,3.125,2,0.9375,0.375,5.6875,1.125,0.625,0.125,0.125,0.5,0.875,1.75,0.375,1.25,14.125,,,,,,,,,,,,,,36.4625,37.15,399,397.625,,2.3125,0.625,0.375,0.4375,5.1875,0.4375,0.0625,0.125,0.25,0.375,0.875,1.75,0.25,1.5,9.8125,,,,,,,,,,,,,,36.4,37.2,401.5,398.875,,1.625,1.625,0.875,0.25,3.0625,0.9375,0.125,0.375,0.125,0.5,1,0.5,0.375,1.4375,9,,,,,,,,,,,,,,,,,,,,,,,,,,
SD,,,37.81666299,35.75844889,34.92277194,36.15783302,36.09308952,36.46931739,35.74228744,33.89542742,34.16121908,,0.2828427125,#DIV/0!,#DIV/0!,#DIV/0!,#DIV/0!,,3.366501646,2.362907813,0,1.5,1.892969449,0.5,0.5773502692,1,0,0,0,0,1.5,0.5773502692,5.099019514,,,,,,,,,,,,0,,0.2121320344,0.3535533906,6.363961031,6.363961031,,3.011140031,1.870828693,0.4629100499,1.035098339,4.221014604,0.7440238091,0.6232117274,0.3535533906,0.3535533906,0.7440238091,0.9161253813,1.060660172,1.060660172,0.8864052604,7.205838407,,,,,,,,,,,,196.3,,0.3535533906,0.2121320344,9.192388155,10.60660172,,2.1702123,2.35944152,0.7440238091,0.4629100499,4.688511796,1.533844377,0.4629100499,0.4580626907,0,0.4629100499,1.414213562,1.060660172,1.060660172,0.9161253813,5.818689101,,,,,,,,,,,,,,0.2828427125,0.2121320344,4.949747468,5.656854249,,3.758324095,2.449489743,1.147590644,0.7440238091,6.158255203,2.100170061,0.9161253813,0.3535533906,0.3535533906,0.9258200998,1.457737974,1.035098339,0.7440238091,1.281739889,8.778016372,,,,,,,,,,,,,,0.3535533906,0.4242640687,4.949747468,7.071067812,,2.631369823,1.187734939,0.7440238091,0.7288689869,5.515805213,0.6232117274,0.1767766953,0.3535533906,0.5345224838,1.060660172,1.726888201,1.281739889,0.4629100499,1.414213562,7.828234156,,,,,,,,,,,,,,0.2828427125,0.6363961031,9.899494937,9.899494937,,2.083095224,2.445841953,1.125991626,0.7071067812,5.906639726,1.083562247,0.3535533906,0.5175491695,0.3535533906,0.7071067812,1.414213562,0.7071067812,0.7440238091,1.116035714,7.842193571,,,,,,,,,,,,,,,,,,,,,,,,,,
WIN MALES,,,,,,,,,,,,,Physiological Measures ,,,,,,Behavioral Measures,,,,,,,,,,,,,,,,,,,,,,,,,,,,,,,,,Behavioral Measures,,,,,,,,,,,,,,,,,,,,,,,,,,,,,,,,,,,,,,,,,,,,,,,,,,,,,,,,,,,,,,,,,,,,,,,,,,,,,,,,,,,,,,,,,,,,,,,,,,,,,,,,,,,,,,,,,,,,,,,,,,,,,,,,,,,,,,,,,,,,,,,,,,,,,,,,,,,,,,,,,,,,,,,,,,,,
,,Weight:,D1,,D2,,D3,,D4,,D5,,Body Temp,,,Body weight,,,Count per occurence,,,,,,,,,Checked as present or absent,,,,,SUM,,Locomotion,,,,,,,,,,,,Body temp,,Body weight,,,Count per occurence,,,,,,,,,Checked as present or absent,,,,,SUM,,Locomotion,,,,,,,,,,,,BODY TEMP,,Body weight,,,Count per occurence,,,,,,,,,Checked as present or absent,,,,,SUM,,Locomotion,,,,,,,,,,,,BODY TEMP,,Body weight,,,Count per occurence,,,,,,,,,Checked as present or absent,,,,,SUM,,Locomotion,,,,,,,,,,,,BODY TEMP,,Body weight,,,Count per occurence,,,,,,,,,Checked as present or absent,,,,,SUM,,Locomotion,,,,,,,,,,,,BODY TEMP,,Body weight,,,Count per occurence,,,,,,,,,Checked as present or absent,,,,,SUM,,Locomotion,,,,,,,,,,,,,,,,,,,,,,,,
ID:,Start date,,PM,AM,PM,AM,PM,AM,PM,AM,PM,,after final WIN,before session,after session,before session,After W/D,fecal,WDS,Tremors,Writhes,Retropulsion,Hind Leg Scratch,Yawn,Facial rubs,Head/face twitch,Arched Back posture,Ptosis,PE,Genital Licks,sniffing,Teeth Chatter,GLOBAL SCORE,,Ambulatory time,Ambulatory counts,Ambulatory distance,Ambulatory episodes,ambulatory speeds,Stereotypic time,Stereotypic counts,Jump time,Jump Counts,Resting time,total beam breaks,,before session,after session,before session,After W/D,,WDS,Tremors,Writhes,Retropulsion,Hind Leg Scratch,Yawn,Facial rubs,Head/face twitch,Arched Back posture,Ptosis,PE,Genital Licks,sniffing,Teeth Chatter,GLOBAL SCORE,,Ambulatory time,Ambulatory counts,Ambulatory distance,Ambulatory episodes,ambulatory speeds,Stereotypic time,Stereotypic counts,Jump time,Jump Counts,Resting time,total beam breaks,,before session,after session,before session,After W/D,,WDS,Tremors,Writhes,Retropulsion,Hind Leg Scratch,Yawn,Facial rubs,Head/face twitch,Arched Back posture,Ptosis,PE,Genital Licks,sniffing,Teeth Chatter,GLOBAL SCORE,,Ambulatory time,Ambulatory counts,Ambulatory distance,Ambulatory episodes,ambulatory speeds,Stereotypic time,Stereotypic counts,Jump time,Jump Counts,Resting time,Resting time,,before session,after session,before session,After W/D,,WDS,Tremors,Writhes,Retropulsion,Hind Leg Scratch,Yawn,Facial rubs,Head/face twitch,Arched Back posture,Ptosis,PE,Genital Licks,sniffing,Teeth Chatter,GLOBAL SCORE,,Ambulatory time,Ambulatory counts,Ambulatory distance,Ambulatory episodes,ambulatory speeds,Stereotypic time,Stereotypic counts,Jump time,Jump Counts,Resting time,Resting time,,before session,after session,before session,After W/D,,WDS,Tremors,Writhes,Retropulsion,Hind Leg Scratch,Yawn,Facial rubs,Head/face twitch,Arched Back posture,Ptosis,PE,Genital Licks,sniffing,Teeth Chatter,GLOBAL SCORE,,Ambulatory time,Ambulatory counts,Ambulatory distance,Ambulatory episodes,ambulatory speeds,Stereotypic time,Stereotypic counts,Jump time,Jump Counts,Resting time,Resting time,,before session,after session,before session,After W/D,,WDS,Tremors,Writhes,Retropulsion,Hind Leg Scratch,Yawn,Facial rubs,Head/face twitch,Arched Back posture,Ptosis,PE,Genital Licks,sniffing,Teeth Chatter,GLOBAL SCORE,,Ambulatory time,Ambulatory counts,Ambulatory distance,Ambulatory episodes,ambulatory speeds,Stereotypic time,Stereotypic counts,Jump time,Jump Counts,Resting time,Resting time,,,,,,,,,,,,,,
ALB69,8/23/21,,416,423,426,424,425,423,421,423,425,,36.2,,,,,,,,,,,,,,,,,,,,,,,,,,,,,,,,,,36.7,37.5,438,432,,1,14,1,0,1,0,0,1,0,0,0,0,1,0,18,,22.7,336,1479.4,36,59,310.4,3565,0.55,1,1466.35,3901,,36.1,37,429,426,,6.5,3,0,0,5.5,0,0,0,0,0.5,1,1,0,0.5,15,,23.65,325,1173.2,35,50.7,224.8,2628,0,0,1551.6,,,36.7,36.9,439,438,,7,10,1,0,12,0,0,0,0,0,0,3,1,5,30,,15.45,203,1027.5,25,53.6,241.7,2766,0,0,1542.9,,,36.4,37,437,436,,5,1,0,0,15,0,0,0,0,1,0,2,0,2,21,,32.9,582,1736.4,62,68.6,234.3,2791,0,0,1532.9,,,36.4,37.7,442,441,,2,2,0,0,23,1,0,1,0,0,0,2,0,2,29,,28.75,409,1616.73,51,49.3,245.1,2782,0,0,1526.2,,,,,,,,,,,,,,,
ALB71,8/23/21,,403,412,413,411,413,415,406,410,411,,36.6,,,,,,,,,,,,,,,,,,,,,,,,,,,,,,,,,,36.8,37.5,415,410,,2,13,0,3,0,0,0,0,0,0,0,3,0,4,18,,3.9,61,468.2,3,100.6,189.5,2142,0,0,1606.6,2203,,36.1,37.7,413,412,,2,5,2,3,0,2,0,0,1,0,1,4,0.5,0.5,15,,7.85,82,598.3,8,27.3,205.4,2296,0,0,1586.8,,,36.7,37.6,418,415,,8,11,1,0,4,3,0,0,0,0,0,4,1,2,27,,6.6,82,501.1,8,44,182.6,2007,0,0,1610.9,,,36.5,37.5,419,421,,4,5,0,0,8,3,0,0,0,0,0,3,0,0,20,,9.85,132,677.3,16,42,200.6,2283,0,0,1589.6,,,36.1,37.4,422,421,,3,0,0,0,8,1,0,0,0,0,2,3,0,1,12,,8.95,143,626.27,19,56.1,240.3,2678,0,0,1550.8,,,,,,,,,,,,,,,
ALB77,9/2/21,,392,389,382,385,380,389,382,387,375,,36.5,,,,,,,,,,,,,,,,,,,,,,,,,,,,,,,,,,36.7,37.8,381,376,,2,9,0,0,2,0,1,0,3,0,1,0,3,2,17,,4.9,108,653.2,10,132.3,182.1,2072,0,0,1613,2180,,35.9,37,372,371,,5,3,0,0,5,0,2,0,0,0,4,1,0,4,15,,13.4,231,1051.3,17,75.6,285,3219,0,0,1501.6,,,35.6,37,373,372,,3,1,3,1,0,0,0,0,0,0,1,3,1,2,8,,7.5,138,682.8,11,96,231.7,2679,0,0,1560.8,,,36.1,36.6,380,379,,4,5,2,2,0,1,0,0,0,0,0,2,1,3,14,,4.8,61,522.1,2,25.2,239.3,2599,0,0,1556,,,36,37.3,385,385,,15,0.5,2,0,0,0,0,0.5,0,0,0,5,0,0.5,18,,6.35,91,451.7,5,31,215,2333,0,0,1578.7,,,,,,,,,,,,,,,
ALB78,9/2/21,,389,395,394,391,389,396,388,395,389,,37,,,,,,,,,,,,,,,,,,,,,,,,,,,,,,,,,,37.2,37.7,390,386,,3,3,1,2,7,2,0,0,1,0,4,0,0,1,19,,12.6,143,1040.2,11,28,287.1,3075,0,0,1500.3,3218,,36.6,37.6,387,387,,10,6,1,0,12,7,1,1,1,0,6,2,0,1,39,,8.35,95,786.4,5,26.3,228.1,2458,0,0,1563.6,,,35.9,38,389,382,,4,6,1,0,14,2,0,0,0,0,2,3,0,4,27,,24.7,239,1511.2,26,27.8,270.1,2930,0,0,1505.2,,,36.5,37.8,385,383,,1,3,0,2,2,0,1,0,0,0,2,2,0,2,9,,29.7,296,1737,34,30.8,238.8,2606,0,0,1531.6,,,37.1,38.1,381,379,,4,1,0.5,3,8.5,0.5,0,0,0,0,0,1,0,1.5,17.5,,20.1,197,1179.6,22,28.1,225.7,2441,0,0,1554.3,,,,,,,,,,,,,,,
ALB111,12/29/21,,383,385,377,383,375,379,372,384,369,,36.7,36.8,37,367,365,,6,0,1,6,2,0,4,0,1,0,0,2,1,1,20,,21.7,296,1362.6,31,60,251.4,2933,0,0,1527,Total time,,36.7,37.1,393,385,,1.5,0.5,0,1,2,0,1,0.5,2,0.5,2.5,0.5,0,2.5,8.5,,19.9,241,1194.9,27,49.1,318.5,3556,0,0,1461.6,Total time,,37.2,37.3,377,375,,6,3,3,0.5,8.5,1,1,2,0,1,4,3,0,4,25,,18.4,242,1070.8,26,54.2,196.1,2212,0,0,1585.5,,,36.7,37.4,383,379,,7,1.5,1.5,2.5,4,0,0,0,0,1,5,3,0,4,16.5,,13.5,160,756.7,15,36.2,193.9,2197,0,0,1592.7,,,36.6,37.3,380,378,,5,3,3,3,5,0,2,2,0,1,4,2,0,3,23,,12.05,153,660.1,17,49.2,260.7,2847,0,0,1527.3,,,35.7,37,382,381,,3,1,1.5,1.5,2,0.5,0,0.5,1,1,2.5,1,0,2.5,11,,7.6,80,474.1,11,41.9,215.9,2371,0,0,1576.6,,,,,,,,,,,,,,,
ALB112,12/29/21,,393,403,396,403,391,399,394,403,389,,36.9,37,37.6,385,384,,2,4,0,1,1,0,4,0,0,1,0,4,1,0,12,,17.8,292,1209.3,28,65.2,277.6,3275,0,0,1504.7,0,,36.7,38.2,404,394,,0,3,0,1,2,0,0,0,0,0.5,2.5,0.5,0,2,6,,11.5,172,923.4,16,59.4,346.3,4006,0,0,1442.3,333.1,,,38,388,387,,0,2.5,0,1,0,0,1,0,0,2.5,3,0,0.5,3.5,4.5,,2.9,39,273.5,39,65,188,2071,0,0,1609.2,,,36.9,38.2,393,394,,4.5,4.5,0,1,1,0,0,1.5,0,0,2,2,1,3,12.5,,4.8,60,420.8,4,55.6,184.8,2046,0,0,1610.5,,,36.9,37.2,396,396,,6,4,0,0,7,1,2,1,0,0,3,2,1,2,21,,4,83,377.1,6,90.3,211.8,2393,0,0,1584.2,,,36.3,37.6,399,396,,9.5,0.5,0,0,3,0,0,0.5,0,3,1.5,0,0,3,13.5,,3.4,68,226.1,4,74.6,211.9,2353,0,0,1584.8,,,,,,,,,,,,,,,
ALB121,2/9/22,,331,332,325,331,319,326,318,327,322,,36.7,36.4,36.8,318,317,,10,3,0,4,0,0,4,0,1,1,0,4,0,0,22,,21.8,366,1589.7,36,69.2,263.1,3238,0,0,1515.2,0,,36.5,37,330,329,,2,4,1,2,13,0,5,6,1,1,1,1,1,1,34,,18.2,285,1173.1,22,49,258.8,2913,0,0,1523.1,193.4,,37,36.9,324,324,,8,1,0,1,10,0,1,1,1,3,0,2,1,1,23,,9.6,142,597.7,13,46.1,151.7,1678,0,0,1638.7,,,36.4,36.7,327,326,,9,2,1,6,8,0,3,0,0,1,0,3,1,1,29,,31.1,610,1754.5,49,73.5,245.7,3202,0,0,1523.3,,,37,36.6,330,328,,2,0,0,1,4,0,0,1,0,3,3,0,0,1,8,,12.3,202,665.4,21,49.3,160.8,1851,0,0,1626.9,,,37.2,37,326,329,,8,2,1,3,6,2,2,2,0,3,2,2,0,0,26,,14.7,226,852.4,28,62.5,218.7,2572,0,0,1566.6,,,,,,,,,,,,,,,
ALB122,2/9/22,,366,372,372,377,372,382,374,381,375,,36.9,36.8,37,374,370,,4,5,0,8,2,0,7,2,3,0,0,0,1,1,31,,49.7,878,2809.9,78,65.4,352.1,4646,0,0,1398.3,0,,36.2,38.1,386,381,,9,12,2,3,1,2,5,1,0,0,0,3,1,3,35,,25.2,376,1479.4,38,55.6,261.7,3059,0,0,1513.1,187,,36.3,37.6,376,372,,8,6,3,1,7,0,4,0,0,0,1,1,4,3,29,,29.6,421,1424.3,41,56,328.9,3783,0,0,1441.6,,,36.4,37.9,379,373,,4,4,0,4,7,0,4,0,0,0,1,0,2,0,23,,22.2,362,1130,32,58,198.5,2361,1.85,1,1577.5,,,37,37.7,374,373,,1.5,5.5,0.5,6.5,5.5,0,1.5,0.5,0,0,1,2,0,1,21.5,,30.9,545,1714.9,53,73.4,223.6,2645,0,0,1545.5,,,37.4,37.8,385,381,,8,7,2,8,6,3,2,1,0,0,1,3,1,5,37,,29.1,492,1655.7,50,63.3,231.4,2733,0,0,1539.6,,,,,,,,,,,,,,,
ALB136,3/25/22,,340,358,355,357,355,349,345,349,346,,36.8,,,,,,,,,,,,,,,,,,,,,,,,,,,,,,,,,,,,,,,,,,,,,,,,,,,,,,,,,,,,,,,,,,,,,,,,,,,,,,,,,,,,,,,,,,,,,,,,,,,,,,,,,,,,,,,,,,,,,,,,,,,,,,,,,,,,,,,,,,,,,,,,,,,,,,,,,,,,,,,,,,,,,,,,,,,,,,,,,,,,,,,,,,,,,,,,,,,,,,,,,,,,,,,,,,,
ALB137,3/25/22,,355,357,356,363,355,359,354,358,352,,36.6,37.1,38.1,356,352,4,2,19,3,3,0,0,13,1,1,0,2,1,3,2,42,,45.6,895,2712.5,77,67.2,311.8,4060,0,0,1442.7,,,,,,,,,,,,,,,,,,,,,,,,,,,,,,,,,,,,,,,,,,,,,,,,,,,,,,,,,,,,,,,,,,,,,,,,,,,,,,,,,,,,,,,,,,,,,,,,,,,,,,,,,,,,,,,,,,,,,,,,,,,,,,,,,,,,,,,,,,,,,,,,,,,,,,,,,,,,,,,,,,,,,,,,,,,,,,,,,,,,
ALB140,4/24/22,,350,353,346,352,344,346,341,350,351,,36.7,36.5,37.4,350,348,,12,8,0,2,7,0,6,1,0,0,5,5,0,2,36,,20.5,289,1290.7,29,70.5,269.2,3426,0,0,1483.4,,,,,,,,,,,,,,,,,,,,,,,,,,,,,,,,,,,,,,,,,,,,,,,,,,,,,,,,,,,,,,,,,,,,,,,,,,,,,,,,,,,,,,,,,,,,,,,,,,,,,,,,,,,,,,,,,,,,,,,,,,,,,,,,,,,,,,,,,,,,,,,,,,,,,,,,,,,,,,,,,,,,,,,,,,,,,,,,,,,,
ALB141,4/24/22,,348,353,347,354,346,355,347,349,348,,37.3,36.4,37.3,348,347,8,6,6,3,3,2,0,5,0,1,0,0,3,0,0,26,,28.2,446,1749.2,37,61.7,318,3713,0,0,1543.9,,,,,,,,,,,,,,,,,,,,,,,,,,,,,,,,,,,,,,,,,,,,,,,,,,,,,,,,,,,,,,,,,,,,,,,,,,,,,,,,,,,,,,,,,,,,,,,,,,,,,,,,,,,,,,,,,,,,,,,,,,,,,,,,,,,,,,,,,,,,,,,,,,,,,,,,,,,,,,,,,,,,,,,,,,,,,,,,,,,,
ALB152,5/29/22,,341,357,347,351,346,353,349,353,348,,35.9,36.4,37.2,343,342,0,11,2,1,3,3,1,2,0,0,0,2,2,0,0,23,,32.9,551,1776.8,46,54.8,259.1,3241,0,0,1508,,,36.6,37.3,350,349,0,8,1,1,2,0,0,0,0,0,0,3,1,0,1,12,,21.6,593,1744.8,63,123.3,233.4,3088,0,0,1545.1,,,36.3,37.3,347,345,0,8,6,0,2,1,0,0,0,0,0,3,2,0,2,17,,18.6,276,1092.1,26,48.2,274.3,3389,0,0,1507.2,,,35.9,37.2,349,348,4,8,9,0,3,2,0,1,0,2,0,2,3,0,1,25,,15.5,266,1102.5,21,68.4,279.2,3312,0,0,1505.4,,,36.2,37.4,352,347,3,11,4,1,0,2,0,1,1,0,0,0,1,0,2,20,,17.9,254,990.2,23,42.8,272.7,3120,0,0,1509.4,,,36,38.1,356,352,7,2,1,0,1,0,0,0,0,0,0,1,3,0,0,4,,18.6,294,1247,23,47.1,274.5,3224,0,0,1507,,,,,,,,,,,,,,,
AVERAGE,,,376.8,382.6,379.6,382.5,377.4,381.7,375.4,381.7,375.3,,36.6875,36.75,37.1,361,359,,5.5,3,0.25,4.75,1.25,0,4.75,0.5,1.25,0.5,0,2.5,0.75,0.5,27,,,,,,,,,,,,0,,36.6875,37.6125,392.125,386.625,,2.5625,7.3125,0.625,1.5,3.5,0.5,1.5,1.0625,0.875,0.25,1.375,1,0.75,1.9375,19.4375,,,,,,,,,,,,299.7,,36.45714286,37.3875,383.25,381.75,,5.6875,3.6875,1.125,0.8125,6,1.25,1.25,0.5,0.375,0.875,2.5,1.75,0.75,2.1875,20.6875,,,,,,,,,,,,,,36.4125,37.4625,387.625,384.875,,5.8125,5,1.0625,1.8125,6.25,0.625,0.875,0.1875,0,0.25,1.375,2.625,0.875,2.625,21.625,,,,,,,,,,,,,,36.625,37.2125,387.625,386.75,,3.5625,3.3125,0.6875,1.8125,5.8125,0.625,0.8125,0.5625,0,0.625,1.625,1.875,0.25,1.75,17.1875,,,,,,,,,,,,,,36.525,37.4875,390.25,389.125,,6.5625,1.75,0.875,1.9375,7.0625,1,0.5,0.6875,0.125,0.875,1.125,2.125,0.125,1.9375,20.5,,,,,,,,,,,,,,,,,,,,,,,,,,
SD,,,27.78408817,27.9809459,29.73662164,27.37902685,30.38347504,29.9371564,30.2845762,29.42806672,30.55432321,,0.2828427125,#DIV/0!,#DIV/0!,#DIV/0!,#DIV/0!,,3.415650255,2.160246899,0.5,2.986078811,0.9574271078,0,1.5,1,1.258305739,0.5773502692,0,1.914854216,0.5,0.5773502692,7.804912983,,,,,,,,,,,,,,0.07071067812,0,16.26345597,15.55634919,,2.7443123,5.297826374,0.7440238091,1.195228609,4.375255095,0.9258200998,2.20389266,2.043063176,1.125991626,0.377964473,1.48203528,1.281739889,1.035098339,1.26596942,10.45205892,,,,,,,,,,,,,,0,0.4949747468,11.3137085,9.899494937,,3.305163709,1.791597452,1.356202682,0.9977653603,4.350697809,2.434865793,1.281739889,0.755928946,0.5175491695,1.217432896,2.070196678,1.281739889,1.362770288,1.579726468,10.60639127,,,,,,,,,,,,,,0,0.4949747468,14.8492424,16.26345597,,2.202879609,3.78908206,0.9425459443,2.202879609,4.978525312,1.187734939,1.642080562,0.5303300859,0,0.4629100499,1.685018016,1.187734939,0.6408699445,1.685018016,8.275393819,,,,,,,,,,,,,,0.07071067812,0.3535533906,12.72792206,10.60660172,,1.840758772,1.980935926,1.163047106,2.202879609,4.519303834,1.060660172,0.9234059624,0.7288689869,0,1.060660172,1.597989809,0.8345229604,0.4629100499,1.035098339,5.987710629,,,,,,,,,,,,,,0.2121320344,0.2121320344,14.14213562,14.14213562,,4.419417382,2.236067977,0.8762745819,2.783080257,7.083368347,1.035098339,0.9258200998,0.6512350903,0.3535533906,1.356202682,1.026436276,1.552647509,0.3535533906,1.590990258,9.269766525,,,,,,,,,,,,,,,,,,,,,,,,,,
VEHICLE FEMALES,,,,,,,,,,,,,,,,,,,,,,,,,,,,,,,,,,,,,,,,,,,,,,,,,,,,,,,,,,,,,,,,,,,,,,,,,,,,,,,,,,,,,,,,,,,,,,,,,,,,,,,,,,,,,,,,,,,,,,,,,,,,,,,,,,,,,,,,,,,,,,,,,,,,,,,,,,,,,,,,,,,,,,,,,,,,,,,,,,,,,,,,,,,,,,,,,,,,,,,,,,,,,,,,,,,,,,,,,,,,,,,,
,,Weight:,D1,,D2,,D3,,D4,,D5,,Body Temp,,,Body weight,,,Count per occurence,,,,,,,,,Checked as present or absent,,,,,SUM,,Locomotion,,,,,,,,,,,,Body Temp,,Body weight,,,Count per occurence,,,,,,,,,Checked as present or absent,,,,,SUM,,Locomotion,,,,,,,,,,,,BODY TEMP,,Body weight,,,Count per occurence,,,,,,,,,Checked as present or absent,,,,,SUM,,Locomotion,,,,,,,,,,,,BODY TEMP,,Body weight,,,Count per occurence,,,,,,,,,Checked as present or absent,,,,,SUM,,Locomotion,,,,,,,,,,,,BODY TEMP,,Body weight,,,Count per occurence,,,,,,,,,Checked as present or absent,,,,,SUM,,Locomotion,,,,,,,,,,,,BODY TEMP,,Body weight,,,Count per occurence,,,,,,,,,Checked as present or absent,,,,,SUM,,Locomotion,,,,,,,,,,,D1,,D2,,D3,,D4,,D5,W/D,,,,
ID:,Start date,,PM,AM,PM,AM,PM,AM,PM,AM,PM,,after final WIN,before session,after session,before session,After W/D,,WDS,Tremors,Writhes,Retropulsion,Hind Leg Scratch,Yawn,Facial rubs,Head/face twitch,Arched Back posture,Ptosis,PE,Genital Licks,sniffing,Teeth Chatter,GLOBAL SCORE,,Ambulatory time,Ambulatory counts,Ambulatory distance,Ambulatory episodes,ambulatory speeds,Stereotypic time,Stereotypic counts,Jump time,Jump Counts,Resting time,Total beam breaks,,before session,after session,before session,After W/D,,WDS,Tremors,Writhes,Retropulsion,Hind Leg Scratch,Yawn,Facial rubs,Head/face twitch,Arched Back posture,Ptosis,PE,Genital Licks,sniffing,Teeth Chatter,GLOBAL SCORE,,Ambulatory time,Ambulatory counts,Ambulatory distance,Ambulatory episodes,ambulatory speeds,Stereotypic time,Stereotypic counts,Jump time,Jump Counts,Resting time,Total beam breaks,,before session,after session,before session,After W/D,,WDS,Tremors,Writhes,Retropulsion,Hind Leg Scratch,Yawn,Facial rubs,Head/face twitch,Arched Back posture,Ptosis,PE,Genital Licks,sniffing,Teeth Chatter,GLOBAL SCORE,,Ambulatory time,Ambulatory counts,Ambulatory distance,Ambulatory episodes,ambulatory speeds,Stereotypic time,Stereotypic counts,Jump time,Jump Counts,Resting time,Resting time,,before session,after session,before session,After W/D,,WDS,Tremors,Writhes,Retropulsion,Hind Leg Scratch,Yawn,Facial rubs,Head/face twitch,Arched Back posture,Ptosis,PE,Genital Licks,sniffing,Teeth Chatter,GLOBAL SCORE,,Ambulatory time,Ambulatory counts,Ambulatory distance,Ambulatory episodes,ambulatory speeds,Stereotypic time,Stereotypic counts,Jump time,Jump Counts,Resting time,Resting time,,before session,after session,before session,After W/D,,WDS,Tremors,Writhes,Retropulsion,Hind Leg Scratch,Yawn,Facial rubs,Head/face twitch,Arched Back posture,Ptosis,PE,Genital Licks,sniffing,Teeth Chatter,GLOBAL SCORE,,Ambulatory time,Ambulatory counts,Ambulatory distance,Ambulatory episodes,ambulatory speeds,Stereotypic time,Stereotypic counts,Jump time,Jump Counts,Resting time,Resting time,,before session,after session,before session,After W/D,,WDS,Tremors,Writhes,Retropulsion,Hind Leg Scratch,Yawn,Facial rubs,Head/face twitch,Arched Back posture,Ptosis,PE,Genital Licks,sniffing,Teeth Chatter,GLOBAL SCORE,,Ambulatory time,Ambulatory counts,Ambulatory distance,Ambulatory episodes,ambulatory speeds,Stereotypic time,Stereotypic counts,Jump time,Jump Counts,Resting time,,PM,AM,PM,AM,PM,AM,PM,AM,PM,10 hr (AM),24  hr (PM),48 hr,72 hr,96 hr
ALB65,8/18/21,,249,248,241,247,248,248,242,253,253,,36.8,,,,,,,,,,,,,,,,,,,,,,,,,,,,,,,,,,36.7,37.7,253,245,,0,4,0,5,0,0,0,0,1,0,0,0,0,1,10,,23.65,247,1104.9,29,35.7,193,2195,21.25,1,1562.1,2442,,36.4,37.6,251,250,,3.5,1.5,0,3.5,1,0,0,0,0,0,0,2,0,0,9.5,,5.5,92,500.3,6,37.3,177.8,2556,0,0,1616.7,,,36.8,37.7,258,252,,0,1,0,0,1,0,0,0,0,0,0,1,0,0,2,,30.3,353,1297.7,39,37,235.1,2664,0,0,1534.6,,,36.8,,259,254,,2.5,3,0,1.5,2.5,0.5,0,0,0,0,0,1,1,0.5,10,,21.95,285,976.8,28,36.3,225,2539,0,0,1553.1,,,36.9,37.5,260,258,,2,1,0,0,3,0,1,0,0,0,0,3,1,1,7,,20.65,259,1089.9,27,44.2,219.5,2496,0,0,1559.9,,,M,M,E,M,D,D/P,E,D,D,D/P,E,D,M
ALB66,8/18/21,,249,250,252,252,254,253,253,254,253,,,,,,,,,,,,,,,,,,,,,,,,,,,,,,,,,,,,36.9,37.8,260,245,,0,1,0,1,0,0,0,0,0,0,0,0,0,2,2,,1.9,35,261,0,0,150.2,1565,0,0,1647.9,1600,,36.9,37.5,261,262,,2,1.5,0.5,0,0,0,0,0,0,0,0,1,0,1,4,,9.15,125,819.5,8,51.7,233.2,1948,0,0,1557.7,,,37.2,37.9,265,258,,1,1,0,0,3,0,0,0,0,0,1,0,0,0,5,,6.3,90,689.3,4,54.6,188.5,2121,0,0,1605.3,,,37,37.8,263,260,,2.5,1.5,0,1,1,0.5,0,0,0,0,0,2,1,0.5,6.5,,3.45,58,467.5,0,0,175.3,1881,0,0,1621.3,,,37,38.1,261,254,,0,0,0,1,1,1,0,0,0,0,0,0,0,1,3,,3.2,38,300.9,2,23.64,137.7,1478,0,0,1659.1,,,D,D,M,D,D,D,D,D/P,D,D,D,D,D
ALB79,9/2/21,,242,245,241,248,240,248,240,246,245,,37.2,,,,,,,,,,,,,,,,,,,,,,,,,,,,,,,,,,37.1,37.7,254,249,,0,7,0,0,0,0,0,0,0,0,0,0,0,0,7,,30.3,461,1578.1,47,48.8,165.7,2129,0,0,1613.1,2590,,36,37.6,237,234,,1,5,0,0,1,0,0,0,0,0,0,2,0,0,7,,24.4,423,1519.4,42,74,207,2743,0,0,1568.7,,,36.5,37.5,242,237,,1,5,0,0,0,0,0,0,0,0,0,1,0,0,6,,42.7,677,2092.1,60,50.1,232.4,3067,0,0,1525,,,35.7,37.5,246,237,,0,3,0,0,0,0,0,0,0,0,1,1,0,1,3,,43.1,678,2007.8,67,55,215.9,2787,0.4,6,1540.7,,,37.1,37.5,241,239,,1,3,1.5,0,5.5,0,0,0,0,0,0,1,0.5,2,11,,35.4,592,1776.5,55,54.8,205.5,2538,0.1,2,1559.1,,E,D,D,D,D,D,P,E,E,D,D,D,D,E
ALB80,9/2/21,,248,251,244,251,249,250,246,244,241,,36.1,,,,,,,,,,,,,,,,,,,,,,,,,,,,,,,,,,37.4,,244,241,,0,3,0,0,0,0,0,0,0,0,1,3,0,0,3,,24.7,245,1277.7,29,36,240.4,2639,0,0,1535,2884,,36.2,37.7,240,237,,1,2,1,1,1,0,0,0,0,0,0,1,0,0,6,,18,189,1064.4,20,27.1,220.8,2469,0.1,1,1561.2,,,36.6,37.5,242,238,,1,1,0,0,4,0,0,0,0,0,1,2,0,0,6,,13.9,138,701.1,16,31.8,211.4,2287,0,0,1574.8,,,35.9,37.6,252,243,,0,1,0,0,0,0,0,1,0,0,0,0,0,1,2,,19.45,205,1033.4,24,35.2,220,2458,0,0,1560.6,,,36.7,37.9,246,243,,3.5,4,0.5,0,1,0,0,0,1,0,0,0.5,0,0,10,,11.4,123,544.6,14,29.6,204.1,2188,0,0,1584.6,,M,D,D,D,D,D,D,P,E,E,M,D,D,D/P
ALB106,12/23/21,,219,227,221,217,216,220,214,215,210,,36.3,36.5,37.4,207,206,,2,7,0,4,2,0,1,0,0,0,0,1,0,2,16,,22.4,338,1513.2,29,58.4,273,3335,0,0,1504.5,,,36.4,37.7,214,213,,0,6,1,3,2,0,0,0,0,0,0,2,0,1,12,,18.4,254,1056.9,28,47.8,287,3304,0,0,1494.6,3558,,36.3,37.7,210,208,,1,3.5,0,2.5,0,0,1,0,0.5,0,0,2.5,0,3,8.5,,18.1,294,979.1,28,59.1,259.8,2962,0,0,1522.2,,,36.3,,212,210,,2,5,1,0,4,0,0,1,0,0,0,0,0,2,13,,26.4,416,1319.1,33,47.8,250.6,3088,0,0,1523.1,,,35.9,37.4,218,214,,1,11,2,2,1,0,0,0,3,1,2,1,0,5,20,,12.55,186,591.6,17,44.5,205.7,2438,0,0,1581.8,,,36.3,37.1,216,215,,2,5,2,3,0,0,0,0,0,1,0,0,0,1,12,,6.4,105,374.8,12,63.1,186.7,2147,0,0,1606.9,,D,D/P,D/P,M,P,E,E,E,M,D,D,D,D,D
ALB127,2/13/22,,214,209,208,214,215,219,215,221,216,,36.1,36.7,38.3,213,209,,2,2,1,0,7,0,0,0,0,0,0,1,0,0,12,,24.3,291,1467.4,32,46.1,254.2,2908,0,0,1521.6,Total time,,38.2,37.4,214,212,,0,0,0,0,6,0,2,0,0,0,0,2,0,3,8,,13.55,152,772.1,18,35.9,182.7,1982,12.9,33,1590.9,Total time,,37.6,37.4,211,211,,0,1,0.5,0,1,0,0,0,0,4,4.5,0.5,0,0,2.5,,2.9,34,233,3,30.2,214,2227,3.2,2,1580,,,36.6,37.5,219,218,,4,2,2.5,1,19.5,0,0.5,0,1,1,1.5,2.5,0,1,30.5,,6.9,72,469.3,10,34.6,180,2011,0,0,1613.2,,,37.7,38.1,216,212,,0,0.5,0,0,3,0,0,0,0,2,6,0,0,2.5,3.5,,2.1,28,190,1,25.2,116.7,1234,0,0,1681.2,,,38.1,37.8,216,215,,0,2,4,2,19,0,0,2,0,1,6,3,0,5,29,,4.2,50,338.3,4,32.5,233.7,2461,0,0,1562.2,E/M,M,M,M,D,D,D,D,,,,,,,
ALB128,2/13/22,,197,193,193,196,195,196,194,197,192,,35.9,36.5,37.3,188,188,,7,2,0,1,3,0,3,1,0,0,3,1,0,2,17,,41.9,643,2251.5,65,64.3,268.7,3132,0,0,1489.4,0,,37,37.4,196,197,,4,1,0,0,7,0,2,0,0,0,0,1,0,0,14,,24.6,362,1099.8,32,35.7,217.4,2510,0,0,1558.1,216.65,,37,37.8,192,189,,0.5,0,1,2,1,0,0.5,0,0,0,0.5,0.5,0,1,5,,8.5,104,473.6,11,38.5,171.9,1921,0,0,1619.7,,,36.3,37.5,194,194,,5.5,0.5,2.5,0,10,0,0,0.5,0,0,0,3.5,0,0,19,,21.4,409,1206.3,30,63.8,220.8,2708,0,0,1557.8,,,36.1,37,196,195,,7.5,0,1,2,14,0.5,1,1.5,0,1,2,1,0,1,27.5,,17,277,887.9,23,47.9,187.8,2174,0,0,1595.3,,,37.1,37.9,193,192,,1,0,0,0,13,0,0,0,3,0,3,4,0,5,17,,31.8,556,1613.9,46,65.4,231.9,2691,0,0,1536.3,D,P,E,M,D/P,D,D,D,,,,,,,
ALB132,3/23/22,,203,197,198,204,196,192,196,200,196,,37.1,36.2,37.1,194,191,,5,1,0,0,1,0,1,0,0,0,0,1,1,1,8,,35.1,650,1971.9,60,60.3,389.7,6196,0,0,1375.3,0,,,,,,,,,,,,,,,,,,,,,,,,,,,,,,,,,152.1,,,,,,,,,,,,,,,,,,,,,,,,,,,,,,,,,,,,,,,,,,,,,,,,,,,,,,,,,,,,,,,,,,,,,,,,,,,,,,,,,,,,,,,,,,,,,,,,,,,,,,,,,,,,,,,,,,,,,,,,,,,,,,,,,,,,,,,,,,,,,,,,,,
ALB133,3/23/22,,221,216,212,219,211,210,214,216,213,,37,36.8,37.9,209,206,,5,0,2,1,0,0,5,1,0,0,0,0,0,0,14,,21.8,402,1211.7,33,68.6,295.1,3538,0,0,1483.2,0,,,,,,,,,,,,,,,,,,,,,,,,,,,,,,,,,196,,,,,,,,,,,,,,,,,,,,,,,,,,,,,,,,,,,,,,,,,,,,,,,,,,,,,,,,,,,,,,,,,,,,,,,,,,,,,,,,,,,,,,,,,,,,,,,,,,,,,,,,,,,,,,,,,,,,,,,,,,,,,,,,,,,,,,,,,,,,,,,,,,
ALB 144,4/23/22,,197,200,199,199,196,196,196,197,191,,36.8,36.4,36.1,192,187,,17,2,0,1,7,0,3,2,0,0,6,1,0,4,32,,,,,,,,,,,,,,,,,,,,,,,,,,,,,,,,,,,,,,,,,,,,,,,,,,,,,,,,,,,,,,,,,,,,,,,,,,,,,,,,,,,,,,,,,,,,,,,,,,,,,,,,,,,,,,,,,,,,,,,,,,,,,,,,,,,,,,,,,,,,,,,,,,,,,,,,,,,,,,,,,,,,,,,,,,,,,,,,,,,,,,,,,,,,,,,
ALB 145,4/23/22,,211,217,212,207,210,211,209,215,213,,36.6,36.7,37.9,221,212,,4,2,1,0,0,0,1,0,0,0,1,1,0,0,8,,,,,,,,,,,,,,,,,,,,,,,,,,,,,,,,,,,,,,,,,,,,,,,,,,,,,,,,,,,,,,,,,,,,,,,,,,,,,,,,,,,,,,,,,,,,,,,,,,,,,,,,,,,,,,,,,,,,,,,,,,,,,,,,,,,,,,,,,,,,,,,,,,,,,,,,,,,,,,,,,,,,,,,,,,,,,,,,,,,,,,,,,,,,,,,
ALB154,5/29/22,,229,230,229,232,232,236,233,236,231,,35.8,36.7,37.5,228,226,4,2,9,0,0,2,0,1,0,2,0,0,1,0,1,16,,42.25,743,2282.5,64,65.7,267.1,3372,0,0,1490.7,,,37,37.8,239,241,1,3,2,0,0,1,0,0,0,0,0,0,1,1,1,6,,28.8,420,1555.5,45,51.9,194,2441,0,0,1577.3,,,36.6,37.8,235,232,7,2,10,1,0,1,0,2,0,0,0,0,1,0,1,16,,21.8,280,1312.6,31,51.1,353.1,4134,0,0,1425.2,,,35.9,37.4,240,237,3,1,2,0,0,0,0,0,0,0,0,0,0,0,0,3,,22.4,377,1375.3,39,63.2,216.8,2744,0,0,1560.9,,,36.6,37.6,241,239,0,1,3,0,0,0,0,1,0,0,0,0,0,0,0,5,,,,,,,,,,,,,,36.1,37.6,243,240,2,2,3,0,0,3,0,0,0,0,0,0,0,0,0,8,,16.8,287,977.4,24,50.6,156.1,1795,0,0,1627.2,,,,,,,,,,,,,,,
ALB157,5/29/22,,215,217,213,216,216,216,214,219,214,,63.6,36.6,36.9,221,217,8,3,1,0,1,3,0,1,0,0,0,0,0,0,0,9,,33.7,552,1867.6,52,61.3,266.3,3124,0.25,3,1499.8,,,36.6,37.1,219,216,2,3,2,0,0,1,0,0,0,0,0,0,1,0,2,6,,17.95,2796,916.6,22,52.7,183.9,2078,0,0,1598.2,,,36.4,37.6,214,215,6,3,2,0,1,3,0,0,0,0,0,0,0,0,1,9,,27.9,541,1703.8,45,76.6,193.8,2305,0.3,1,1578.1,,,36.7,36.6,222,220,4,2,1,0,0,6,0,0,0,0,0,1,0,0,0,9,,11.8,217,843.3,20,61.8,266.3,2999,0,0,1522,,,36.2,37.7,221,218,7,3,0,0,0,2,0,0,1,0,0,0,0,1,1,6,,15.3,270,1023.3,29,81,194.7,2273,0,0,1590.1,,,36.3,37.4,223,221,3,2,0,0,0,10,0,0,0,0,0,0,0,0,1,12,,34.2,595,1599.3,55,55.4,202.8,2356,0.2,1,1563,,,,,,,,,,,,,,,
AVERAGE,,,226.8888889,226.2222222,223.3333333,227.5555556,224.8888889,226.2222222,223.7777778,227.3333333,224.3333333,,36.5625,36.54,37.6,202.2,200,#DIV/0!,4.2,2.4,0.6,1.2,2.6,0,2,0.4,0,0,0.6,0.8,0.2,1,15.28571429,,,,,,,,,,,,0,,37.1,37.61666667,233.5714286,228.8571429,#DIV/0!,0.5714285714,3.142857143,0.1428571429,1.285714286,2.142857143,0,0.5714285714,0,0.1428571429,0,0.1428571429,1.142857143,0,1,8,,,,,,,,,,,,265.1,,36.66666667,37.61666667,225.1666667,223.5,,0.9166666667,2.166666667,0.5,0.9166666667,0.6666666667,0,0.25,0,0.08333333333,0.6666666667,0.8333333333,1.25,0,0.8333333333,5.5,,,,,,,,,,,,,,36.58333333,37.58,229,225.8333333,,2.416666667,2.416666667,1,0.1666666667,6.75,0,0.08333333333,0.25,0.1666666667,0.1666666667,0.5833333333,1.5,0,0.5,13.25,,,,,,,,,,,,,,36.38333333,37.56666667,231.8333333,226.8333333,,1.833333333,2.833333333,0.5,0.8333333333,3.166666667,0.1666666667,0.1666666667,0.4166666667,0.5,0.6666666667,1.833333333,0.8333333333,0.1666666667,1.833333333,10.41666667,,19.4,346,1281,41,75.7,317.6,3790,0,0,1463.1,,,37.05,37.71666667,228.8333333,226.3333333,,1.25,2.333333333,1.333333333,1,6.583333333,0.1666666667,0,0.3333333333,0.6666666667,0.3333333333,1.5,1.416666667,0.08333333333,2.333333333,13.66666667,,,,,,,,,,,,,,,,,,,,,,,,,,
SD,,,20.55142601,23.36010369,21.80596249,21.97220466,23.15407332,24.15976913,21.99305446,22.3159136,23.97915762,#DIV/0!,0.5180664602,0.2302172887,0.4898979486,10.66302021,9.721111048,#DIV/0!,2.167948339,2.701851217,0.894427191,1.643167673,2.701851217,0,2,0.5477225575,0,0,1.341640786,0.4472135955,0.4472135955,1,3.577708764,,,,,,,,,,,,,,0.5773502692,0.1722401424,25.09885218,20.9159315,#DIV/0!,1.511857892,2.672612419,0.377964473,1.97604704,3.078342164,0,0.9759000729,0,0.377964473,0,0.377964473,1.214985793,0,1.154700538,4.434711565,,,,,,,,,,,,305.4,,0.6363961031,0.07071067812,16.97056275,19.79898987,,0.6645800679,1.807392228,0.4472135955,1.114300977,0.5163977795,0,0.4183300133,0,0.2041241452,1.632993162,1.807392228,0.8215838363,0,1.169045194,2.144761059,,,,,,,,,,,,,,0.4949747468,0.2828427125,16.26345597,14.8492424,,1.908315138,2.059530691,1.224744871,0.4082482905,7.04095164,0,0.2041241452,0.4183300133,0.4082482905,0.4082482905,0.6645800679,1.414213562,0,0.8366600265,10.03867521,,,,,,,,,,,,,,0.9192388155,0.2121320344,12.02081528,16.26345597,,2.943920289,4.131182236,0.8366600265,0.9831920803,5.419102017,0.2581988897,0.4082482905,0.6645800679,1.224744871,0.8164965809,2.228601953,0.7527726527,0.4082482905,1.693123347,10.70241406,,,,,,,,,,,,,,0.07071067812,0.4242640687,14.14213562,10.60660172,,1.332291259,2.065591118,1.538397435,1.264911064,7.77442388,0.4082482905,0,0.8164965809,1.211060142,0.5163977795,2.50998008,1.685724374,0.2041241452,2.160246899,8.755950358,,,,,,,,,,,,,,,,,,,,,,,,,,
WIN FEMALES,,,,,,,,,,,,,,,,,,,,,,,,,,,,,,,,,,,,,,,,,,,,,,,,,,,,,,,,,,,,,,,,,,,,,,,,,,,,,,,,,,,,,,,,,,,,,,,,,,,,,,,,,,,,,,,,,,,,,,,,,,,,,,,,,,,,,,,,,,,,,,,,,,,,,,,,,,,,,,,,,,,,,,,,,,,,,,,,,,,,,,,,,,,,,,,,,,,,,,,,,,,,,,,,,,,,,,,,,,,,,,,,
,,Weight:,D1,,D2,,D3,,D4,,D5,,Body Temp,,,Body weight,,,WDS,Tremors,Writhes,Retropulsion,Hind Leg Scratch,Yawn,Facial rubs,Head/face twitch,Arched Back posture,Ptosis,PE,Genital Licks,sniffing,Teeth Chatter,GLOBAL SCORE,,Ambulatory time,Ambulatory counts,Ambulatory distance,Ambulatory episodes,ambulatory speeds,Stereotypic time,Stereotypic counts,Jump time,Jump Counts,Resting time,Total beam breaks,,Body Temp,,Body weight,,,WDS,Tremors,Writhes,Retropulsion,Hind Leg Scratch,Yawn,Facial rubs,Head/face twitch,Arched Back posture,Ptosis,PE,Genital Licks,sniffing,Teeth Chatter,GLOBAL SCORE,,Ambulatory time,Ambulatory counts,Ambulatory distance,Ambulatory episodes,ambulatory speeds,Stereotypic time,Stereotypic counts,Jump time,Jump Counts,Resting time,Total beam breaks,,before session,after session,before session,After W/D,,WDS,Tremors,Writhes,Retropulsion,Hind Leg Scratch,Yawn,Facial rubs,Head/face twitch,Arched Back posture,Ptosis,PE,Genital Licks,sniffing,Teeth Chatter,GLOBAL SCORE,,Ambulatory time,Ambulatory counts,Ambulatory distance,Ambulatory episodes,ambulatory speeds,Stereotypic time,Stereotypic counts,Jump time,Jump Counts,Resting time,Resting time,,before session,after session,before session,After W/D,,WDS,Tremors,Writhes,Retropulsion,Hind Leg Scratch,Yawn,Facial rubs,Head/face twitch,Arched Back posture,Ptosis,PE,Genital Licks,sniffing,Teeth Chatter,GLOBAL SCORE,,Ambulatory time,Ambulatory counts,Ambulatory distance,Ambulatory episodes,ambulatory speeds,Stereotypic time,Stereotypic counts,Jump time,Jump Counts,Resting time,Resting time,,before session,after session,before session,After W/D,,WDS,Tremors,Writhes,Retropulsion,Hind Leg Scratch,Yawn,Facial rubs,Head/face twitch,Arched Back posture,Ptosis,PE,Genital Licks,sniffing,Teeth Chatter,GLOBAL SCORE,,Ambulatory time,Ambulatory counts,Ambulatory distance,Ambulatory episodes,ambulatory speeds,Stereotypic time,Stereotypic counts,Jump time,Jump Counts,Resting time,Resting time,,before session,after session,before session,After W/D,,WDS,Tremors,Writhes,Retropulsion,Hind Leg Scratch,Yawn,Facial rubs,Head/face twitch,Arched Back posture,Ptosis,PE,Genital Licks,sniffing,Teeth Chatter,GLOBAL SCORE,,Ambulatory time,Ambulatory counts,Ambulatory distance,Ambulatory episodes,ambulatory speeds,Stereotypic time,Stereotypic counts,Jump time,Jump Counts,Resting time,,D1,,D2,,D3,,D4,,D5,W/D,,,,
ID:,Start date,,PM,AM,PM,AM,PM,AM,PM,AM,PM,,after final WIN,before session,after session,before session,After W/D,,,,,,,,,,,,,,,,,,,,,,,,,,,,,,before session,after session,before session,After W/D,,,,,,,,,,,,,,,,,,,,,,,,,,,,,,,,,,,,,,,,,,,,,,,,,,,,,,,,,,,,,,,,,,,,,,,,,,,,,,,,,,,,,,,,,,,,,,,,,,,,,,,,,,,,,,,,,,,,,,,,,,,,,,,,,,,,,,,,,,,,,,,,,,,,,,,,,,,,,,,,,PM,AM,PM,AM,PM,AM,PM,AM,PM,10 hr (AM),24  hr (PM),48 hr,72 hr,96 hr
ALB67,8/18/21,,244,245,243,243,241,245,249,248,248,,37.2,,,,,,,,,,,,,,,,,,,,,,,,,,,,,,,,,,36.6,37.7,245,241,,1,10,1,2,0,0,0,0,1,0,0,0,2,2,15,,8.6,144,763.7,8,73.7,228.5,2723,0,0,1562.9,2867,,36.4,37.3,242,239,,0,5,4,0,0.5,0,0,0.5,0,0,0,0,0,0,10,,4.6,92,605.6,5,122,189.9,2067,0,0,1605.5,,,36.4,37.3,244,244,,0,11,5,0,0,0,0,0,0,0,0,2,0,0,16,,15.8,284,1200.13,19,58.2,274.9,3287,0,0,1509.3,,,36.2,37.7,248,245,,0,4,0,0,2,0,0,0,0,0,0,2,0.5,0,6,,15,215,1057.3,19,62.4,215.8,2550,0,0,1569.3,,,36.1,37.4,254,248,,2,3,3,0,1,0,0,0,0,0,0,2,1,1,9,,14.3,215,1143.7,21,75.02,282.1,3207,0,0,1503.6,,,M,D/P,E,E,D,D,P,P,D,M,D,D,D
ALB68,8/18/21,,237,238,243,245,238,237,233,236,236,,36.9,,,,,,,,,,,,,,,,,,,,,,,,,,,,,,,,,,36.8,37.2,236,234,,2,1,0,2,2,0,0,1,1,0,0,0,0,2,9,,4.9,73,639.9,2,88,186.9,1998,0,0,1608.2,2071,,36.5,37,234,234,,5,1.5,0,0.5,9,0,0,1.5,0,0,0,2.5,0,0.5,17.5,,15.95,204,1208.5,17,41.4,280.3,3132,0,0,1503.8,,,36.6,36.6,235,233,,7,2,2,0,4,0,0,0,0,0,0,0,0,0,15,,7.1,112,616.8,9,44.7,193.5,2096,0,0,1599.4,,,36.6,37.3,240,240,,11.5,2,0,0,13,0,0,0,0,0,0,4,1,0.5,26.5,,3.7,63,383.4,2,26.2,160.4,1701,0,0,1636,,,36,37.1,239,235,,7,2,0,0,7,0,0,0,0,0,0,1,0,1,16,,4.8,60,541.2,1,25.4,168.8,1802,0,0,1626.5,,,D,D,D,D,D,D,D,M,E,M,D,D,D
ALB75,8/26/21,,226,223,215,224,220,220,222,224,220,,37.5,,,,,,,,,,,,,,,,,,,,,,,,,,,,,,,,,,36.9,37.1,218,217,,1,3,1,4,0,0,0,1,2,0,0,2,0,1,12,,28.6,587,1764.1,48,78.9,204.3,2597,0,0,1567.2,3184,,37.2,37.7,215,214,,4.5,0.5,2.5,0,3,1.5,0,0,0,0,0,3,0,0.5,12,,20.8,417,1137.6,29,58.6,190.6,2364,0,0,1588.7,,,37.2,,239,237,,1,1,1,0,1,0,0,0,0,0,0,2,0,0,4,,3.25,60,333.1,5,73,122.7,1397,0,0,1673.9,,,37,37.8,222,221,,4,2,0,1,1,2,0,0,0,0,0,1,0,1,10,,9.45,189,590.3,16,75.7,210.5,2379,0,0,1580.1,,,37.3,37.7,224,224,,1,1,0,0,3,2,0,2,0,0,1,1,0,1,9,,13.95,255,800.3,27,80.4,192,2225,0,0,1594.1,,D,D,M,E,D,D,D,E/M,D,D,P,D,D,D
ALB76,8/26/21,,234,235,235,242,238,241,238,238,235,,37,,,,,,,,,,,,,,,,,,,,,,,,,,,,,,,,,,36.2,,236,232,,1,15,0,2,5,1,1,0,1,0,0,3,0,2,26,,13.8,223,1190.27,15,50.4,196,2247,0,0,1590.5,2470,,36.9,37.8,233,232,,2,1,1,0,8,1,0,0.5,0,0,0.5,2,0,2,13.5,,4.4,70,363.5,4,25.5,203,2183,0,0,1592.7,,,36.6,,221,222,,0,3,0,4,2,0,0,0,0,0,0,1,0,1,9,,25.1,449,1456.2,32,61.4,222.5,2665,0,0,1552.4,,,36.8,37.1,239,235,,0,2,0,0,1,7,0,0,0,0,1,4,0,0,10,,21.85,397,1159.2,38,71.7,211.8,2405,0,0,1566.4,,,36.4,37.6,238,233,,0,3,1,1,3,1,0,1,0,0,0,2,0,1,10,,19.5,289,1025.6,29,63.8,223,2604,0,0,1557.6,,M,D,P,D,D,D,D,M,D,E,M,D,M,D
ALB107,12/23/21,,230,242,236,244,238,242,234,239,228,,37.2,36.6,37.5,225,224,,3,5,2,1,5,0,0,0,0,0,6,3,0,4,16,,22.15,245,1236,25,35.9,247.8,2720,0,0,1530.1,Total time spent,,37.3,38.1,231,232,,1,9,1,1.5,3.5,0.5,1,0,1,0.5,3,1.5,0,5,18.5,,10.9,118,769.5,9,37.2,183.7,1993,0,0,1605.4,,,36.8,37.9,226,226,,0,0.5,0.5,0,7.5,0,0,0,0,0.5,2.5,2,0,0,8.5,,2.9,41,308.7,3,102.1,172.5,1864,0,0,1624.7,,,37.2,37.7,232,230,,2,3,0,1,2,2,0,0,0,2,4,2,0,1,10,,7.35,110,315.6,8,51.5,128.7,1388,0,0,1664,,,37.5,37.5,227,226,,0,1.5,1,1,9,1,0,0,0.5,0,3.5,2,0,0,14,,5.2,67,361.8,6,51.2,140,1558,0,0,1654.9,,,36.9,37.2,223,224,,0,2,0,0,0,8,1,0,0,0,6,3,0,3,11,,5,48,326.6,5,48.7,126.9,1365,0,0,1668.2,,M,D,D,D,D,P,P,M,M,D,D,P,D,D
ALB108,12/23/21,,224,228,222,224,216,223,218,225,220,,36.2,36.9,37.7,216,215,,2,1,5,4,2,1,5,0,3,0,1,4,0,2,23,,21.25,474,1421.4,45,87.1,242.6,3208,0,0,1536.2,0,,36.7,37.5,221,218,,0,0,0,2,0,0,0.5,0,3.5,4.5,6,1,0,1,6,,1.3,24,177.4,1,127,66,758,0,0,1732.7,Total time spent,,37.2,37.7,213,212,,0,3,0,0,3,2,0,0,3.5,1.5,4.5,4.5,0,4,11.5,,6.1,134,518.5,13,81.1,179.3,2163,0,0,1614.7,,,37.3,38.3,215,212,,0,2,0,1,2,8,1,0,0,0,1,0,0,4,14,,2.4,47,242.8,5,97.9,117.8,1438,0,0,1679.8,,,37.2,38,216,215,,1,1.5,0,0,37,2,0,0,0.5,2,2,3.5,0,1.5,42,,6,133,437.4,16,96.7,185,2146,0,0,1609.1,,,37.5,38.2,215,209,,1,2,2,0,32,3,2,0,0,1,1,4,0,3,42,,21.95,404,1033.4,24,50.1,186.6,2174,0,0,1591.5,,P,E,E,M,M,D,D,D/P,D/P,P,E,E,D,D/P
ALB125,2/13/22,,209,212,208,212,211,214,206,217,208,,37.1,36.5,37.5,206,206,,6,4,0,3,1,0,5,0,0,1,1,1,1,1,19,,34.7,540,1774.8,53,51.6,213.8,2621,0,0,1551.6,0,,36.4,37,213,209,,2,0,0,5,1,0,3,0,1,0,1,2,0,2,12,,22.1,296,1592.7,29,57.5,243.2,2830,0,0,1534.8,237.1,,37.2,37.5,205,205,,0,4.5,0,4,5,0.5,0,0,2,1,2,1,0,2,16,,14.7,177,822.6,21,54.8,172.7,1943,0,0,1612.7,,,36.5,37.2,210,208,,0.5,0.5,2,2.5,0,0.5,2,1,0,1,2,4,0,4,9,,16.3,249,875.1,25,47.1,157,1853,0,0,1626.8,,,36.3,37.3,213,212,,0,1,1.5,2,2.5,0,1,0.5,2,1.5,1.5,2,0,0.5,10.5,,18.3,304,1157,28,56.6,209.4,2389,0,0,1572.3,,,37.8,37.6,214,214,,0,0,0,1,2,0,0,0,2,1,6,5,0,2,5,,17.2,230,981,25,53.8,172.7,1982,0,0,1610.2,D,P,E,D,D,D,D,D,D/P,D,D,D,,,
ALB126,2/13/22,,202,205,203,209,205,208,204,206,203,,37,36.4,38.1,199,197,,6,7,0,2,0,0,4,0,2,1,2,4,2,2,21,,16.9,225,1131.2,23,57.1,284.3,3203,0,0,1498.9,0,,36.6,37.7,204,203,,7,1,0,1,3,3,2,0,2,3,4,1,0,2,19,,9.3,149,627.7,12,67.4,188.8,2109,0,0,1601.9,191.8,,36.8,37,198,197,,2.5,2.5,0,0.5,1,0,1,0.5,1,2,2,2,0.5,1.5,9,,7,95,539.3,10,84.2,150.4,1722,0,0,1642.7,,,36.6,37.4,205,204,,0.5,1.5,0,1.5,0.5,1,0,0,0.5,0,0,2,0.5,0.5,5.5,,3.9,97,357.5,9,107,186,2070,0,0,1610.2,,,36.5,37.8,208,207,,0.5,1,1,0.5,1.5,0,0.5,0.5,0.5,0,0.5,2,1,3,6,,2.25,36,239,4,115,220.9,2346,0,0,1576.9,,,37.2,37.9,208,207,,1,0,0,1,4,0,0,1,1,0,2,5,0,2,8,,15.9,277,1055.1,24,68.8,251.3,2907,0,0,1532.8,D,D,D,D,D,D/P,D/P,P,,,,,,,
ALB130,3/23/22,,230,221,219,225,220,215,220,216,219,,37.2,37,37.9,216,214,,1,16,5,0,11,1,6,5,3,0,1,3,1,4,48,,26.7,423,1330.5,35,45.3,257.7,3178,0,0,1515.7,,,,,,,,,,,,,,,,,,,,,,,,,,,,,,,,,,,,,,,,,,,,,,,,,,,,,,,,,,,,,,,,,,,,,,,,,,,,,,,,,,,,,,,,,,,,,,,,,,,,,,,,,,,,,,,,,,,,,,,,,,,,,,,,,,,,,,,,,,,,,,,,,,,,,,,,,,,,,,,,,,,,,,,,,,,,,,,,,,,,
ALB131,3/23/22,,219,215,214,226,216,222,221,226,227,,36.8,36.5,37.8,220,216,,4,10,2,4,0,0,5,0,0,0,0,0,0,2,25,,8.1,170,837.3,15,104.4,245.1,2836,0,0,1546.9,0,,,,,,,1.875,4.875,0.375,2.4375,1.8125,0.5625,0.9375,0.25,1.5625,1,1.75,1.3125,0.25,2.125,14.6875,,,,,,,,,,,,232.9,,36.875,37.4875,220.75,219.875,,1.75,2.3125,1,0.625,4.625,0.625,0.125,0.375,0.8125,0.625,1.4375,2.125,0.0625,1.3125,12.25,,,,,,,,,,,,,,36.8,37.41666667,225.125,223.75,,1.375,3,1.25,1.25,1.4375,1.4375,0.375,0.125,0.0625,0.375,0.875,1.625,0.0625,1.3125,10.3125,,,,,,,,,,,,,,36.7625,37.5625,226.625,225.125,,2.125,1.875,0.4375,0.5625,8.375,1.5,0.1875,0.125,0.4375,0.4375,1.0625,2.5625,0.3125,0.8125,15.625,,,,,,,,,,,,,,36.9,37.5875,226.875,224.25,,1.5,1.625,0.75,0.375,6.5,1.75,0.375,0.5,0.375,0.25,2,2.875,0.125,1.75,13.75,,,,,,,,,,,,,,,,,,,,,,,,,,
ALB 142,4/27/22,,199,201,198,201,201,203,199,200,203,,37.7,37.3,37.8,203,198,,0,5,7,2,1,0,7,0,1,0,0,1,4,0,23,,4.4,75,494.3,3,111.4,297.7,3267,0,0,1498,,,,,,,,,,,,,,,,,,,,,,,,,,,,,,,,,,,,,,,,,,,,,,,,,,,,,,,,,,,,,,,,,,,,,,,,,,,,,,,,,,,,,,,,,,,,,,,,,,,,,,,,,,,,,,,,,,,,,,,,,,,,,,,,,,,,,,,,,,,,,,,,,,,,,,,,,,,,,,,,,,,,,,,,,,,,,,,,,,,,
ALB 143,4/27/22,,200,202,203,202,199,198,202,212,208,,38.1,37,37.8,205,204,,2,9,3,14,0,0,2,0,3,0,0,1,0,1,33,,15.4,260,1466.9,22,97.5,314.4,3834,0,0,1470.3,,,,,,,,,,,,,,,,,,,,,,,,,,,,,,,,,,,,,,,,,,,,,,,,,,,,,,,,,,,,,,,,,,,,,,,,,,,,,,,,,,,,,,,,,,,,,,,,,,,,,,,,,,,,,,,,,,,,,,,,,,,,,,,,,,,,,,,,,,,,,,,,,,,,,,,,,,,,,,,,,,,,,,,,,,,,,,,,,,,,
AVERAGE,,,223.4444444,224.3333333,221.6666667,227.8888889,222.4444444,224.6666667,221.7777778,225.2222222,221.7777778,,36.98888889,36.65,37.75,213.6666667,212,,3.666666667,7.166666667,2.333333333,2.333333333,3.166666667,0.3333333333,4.166666667,0.8333333333,1.333333333,0.3333333333,1.833333333,2.5,0.6666666667,2.5,26,,,,,,.,,,,,,,,,,,,,2.167124494,5.693040865,0.5175491695,1.347948176,1.888640857,1.050085031,1.083562247,0.4629100499,0.9038607668,1.752549164,2.314550249,1.032939633,0.7071067812,1.246423455,6.363610274,,,,,,,,,,,,209.8,,0.07071067812,0.2121320344,5.656854249,3.535533906,,2.104417123,1.751275046,1.488047618,1.382285891,3.259601203,0.790569415,0.3535533906,0.5175491695,1.307601403,0.790569415,1.613281926,1.329607891,0.1767766953,1.361131357,3.240370349,,,,,,,,,,,,,,0.1414213562,0.4949747468,6.363961031,7.778174593,,2.371708245,3.348773763,1.752549164,1.414213562,1.347948176,2.7443123,0.7440238091,0.3535533906,0.1767766953,0.7440238091,1.457737974,1.302470181,0.1767766953,1.710002089,4.382901029,,,,,,,,,,,,,,0.2828427125,0.2828427125,5.656854249,3.535533906,,4.024478671,0.9543135154,0.6232117274,0.7288689869,12.37725448,2.390457219,0.3720119046,0.2314550249,0.6781013409,0.8210402809,1.237436867,1.116035714,0.4580626907,1.032939633,12.4864212,,,,,,,,,,,,,,0.07071067812,0.2121320344,10.60660172,9.192388155,,2.32992949,1.187734939,1.164964745,0.5175491695,10.51529498,2.764571783,0.7440238091,0.755928946,0.7440238091,0.4629100499,2.563479778,1.642080562,0.3535533906,0.8864052604,11.82914077,,,,,,,,,,,,,,,,,,,,,,,,,,
SD,,,11.59861103,12.509996,13.61983847,13.24239824,12.53107249,12.42980289,11.84037349,11.14425612,11.17785509,,0.4242640687,#DIV/0!,#DIV/0!,#DIV/0!,#DIV/0!,,2.065591118,5.269408569,2.250925735,1.632993162,4.262237284,0.5163977795,2.136976057,2.041241452,1.505545305,0.5163977795,2.136976057,1.643167673,0.8164965809,1.224744871,11.5354526,,,,,,,,,,,,,,,,,,,,,,,,,,,,,,,,,,,,,,,,,,,,,,,,,,,,,,,,,,,,,,,,,,,,,,,,,,,,,,,,,,,,,,,,,,,,,,,,,,,,,,,,,,,,,,,,,,,,,,,,,,,,,,,,,,,,,,,,,,,,,,,,,,,,,,,,,,,,,,,,,,,,,,,,,,,,,,,,,,,,,,,,,,,,,,,